"","Id","Delai","Gaz"
"1","100a",0,"AIR"
"2","101a",0,"AIR"
"3","102a",0,"AIR"
"4","103a",0,"AIR"
"5","104a",0,"AIR"
"6","105a",0,"AIR"
"7","106a",0,"AIR"
"8","107a",0,"AIR"
"9","108a",0,"AIR"
"10","109a",0,"AIR"
"11","10a",0,"NOXCRABE"
"12","110a",0,"AIR"
"13","111a",0,"AIR"
"14","112a",0,"AIR"
"15","113a",0,"AIR"
"16","114a",0,"AIR"
"17","115a",0,"AIR"
"18","116a",0,"AIR"
"19","117a",0,"AIR"
"20","118a",0,"AIR"
"21","119a",0,"AIR"
"22","11a",0,"AIR"
"23","120a",0,"AIR"
"24","121a",0,"Oxygen"
"25","123a",0,"AIR"
"26","124a",0,"AIR"
"27","125a",0,"AIR"
"28","126a",0,"AIR"
"29","127a",0,"AIR"
"30","129a",0,"AIR"
"31","12a",0,"AIR"
"32","130a",0,"AIR"
"33","131a",0,"AIR"
"34","132a",0,"AIR"
"35","133a",0,"AIR"
"36","134a",0,"AIR"
"37","135a",0,"AIR"
"38","137a",0,"AIR"
"39","138a",0,"AIR"
"40","139a",0,"AIR"
"41","13a",0,"NOXCRABE"
"42","140a",0,"AIR"
"43","141a",0,"AIR"
"44","143a",0,"AIR"
"45","144a",0,"AIR"
"46","145a",0,"AIR"
"47","146a",0,"AIR"
"48","148a",0,"AIR"
"49","149a",0,"AIR"
"50","14a",0,"AIR"
"51","151a",0,"AIR"
"52","152a",0,"AIR"
"53","153a",0,"Oxygen"
"54","154a",0,"AIR"
"55","155a",0,"AIR"
"56","156a",0,"AIR"
"57","159a",0,"AIR"
"58","15a",0,"AIR"
"59","160a",0,"AIR"
"60","161a",0,"AIR"
"61","162a",0,"AIR"
"62","165a",0,"AIR"
"63","167a",0,"AIR"
"64","168a",0,"NOXBouteille"
"65","169a",0,"AIR"
"66","16a",0,"AIR"
"67","170a",0,"AIR"
"68","171a",0,"AIR"
"69","172a",0,"AIR"
"70","173a",0,"AIR"
"71","174a",0,"AIR"
"72","175a",0,"AIR"
"73","176a",0,"AIR"
"74","177a",0,"AIR"
"75","178a",0,"AIR"
"76","179a",0,"AIR"
"77","17a",0,"AIR"
"78","180a",0,"AIR"
"79","181a",0,"AIR"
"80","182a",0,"AIR"
"81","183a",0,"AIR"
"82","185a",0,"AIR"
"83","187a",0,"AIR"
"84","188a",0,"AIR"
"85","189a",0,"AIR"
"86","18a",0,"AIR"
"87","190a",0,"AIR"
"88","191a",0,"AIR"
"89","192a",0,"NOXCRABE"
"90","193a",0,"AIR"
"91","194a",0,"AIR"
"92","195a",0,"AIR"
"93","196a",0,"AIR"
"94","197a",0,"AIR"
"95","198a",0,"AIR"
"96","19a",0,"AIR"
"97","1a",0,"AIR"
"98","200a",0,"AIR"
"99","202a",0,"AIR"
"100","204a",0,"AIR"
"101","205a",0,"AIR"
"102","206a",0,"AIR"
"103","207a",0,"AIR"
"104","208a",0,"AIR"
"105","209a",0,"AIR"
"106","20a",0,"AIR"
"107","210a",0,"AIR"
"108","211a",0,"AIR"
"109","213a",0,"AIR"
"110","215a",0,"AIR"
"111","216a",0,"AIR"
"112","217a",0,"AIR"
"113","218a",0,"AIR"
"114","21a",0,"AIR"
"115","220a",0,"AIR"
"116","221a",0,"AIR"
"117","222a",0,"AIR"
"118","223a",0,"AIR"
"119","224a",0,"AIR"
"120","225a",0,"AIR"
"121","226a",0,"AIR"
"122","227a",0,"AIR"
"123","228a",0,"AIR"
"124","229a",0,"AIR"
"125","22a",0,"AIR"
"126","230a",0,"AIR"
"127","231a",0,"AIR"
"128","232a",0,"AIR"
"129","233a",0,"AIR"
"130","234a",0,"AIR"
"131","235a",0,"AIR"
"132","236a",0,"AIR"
"133","237a",0,"AIR"
"134","238a",0,"AIR"
"135","239a",0,"AIR"
"136","23a",0,"AIR"
"137","240a",0,"AIR"
"138","241a",0,"AIR"
"139","242a",0,"AIR"
"140","244a",0,"AIR"
"141","245a",0,"AIR"
"142","246a",0,"AIR"
"143","247a",0,"AIR"
"144","248a",0,"AIR"
"145","249a",0,"AIR"
"146","24a",0,"Oxygen"
"147","250a",0,"AIR"
"148","251a",0,"AIR"
"149","253a",0,"AIR"
"150","254a",0,"AIR"
"151","255a",0,"AIR"
"152","256a",0,"AIR"
"153","257a",0,"AIR"
"154","258a",0,"AIR"
"155","259a",0,"AIR"
"156","25a",0,"AIR"
"157","260a",0,"AIR"
"158","261a",0,"AIR"
"159","262a",0,"Oxygen"
"160","263a",0,"Oxygen"
"161","264a",0,"AIR"
"162","266a",0,"AIR"
"163","267a",0,"AIR"
"164","268a",0,"AIR"
"165","269a",0,"AIR"
"166","26a",0,"NOXCRABE"
"167","270a",0,"AIR"
"168","271a",0,"AIR"
"169","272a",0,"AIR"
"170","273a",0,"AIR"
"171","275a",0,"AIR"
"172","276a",0,"AIR"
"173","277a",0,"AIR"
"174","278a",0,"AIR"
"175","279a",0,"AIR"
"176","27a",0,"AIR"
"177","281a",0,"AIR"
"178","282a",0,"AIR"
"179","283a",0,"AIR"
"180","284a",0,"AIR"
"181","285a",0,"AIR"
"182","286a",0,"AIR"
"183","287a",0,"AIR"
"184","289a",0,"AIR"
"185","28a",0,"AIR"
"186","290a",0,"AIR"
"187","291a",0,"AIR"
"188","292a",0,"AIR"
"189","293a",0,"AIR"
"190","294a",0,"AIR"
"191","295a",0,"AIR"
"192","296a",0,"AIR"
"193","297a",0,"AIR"
"194","298a",0,"AIR"
"195","299a",0,"AIR"
"196","29a",0,"AIR"
"197","2a",0,"AIR"
"198","301a",0,"AIR"
"199","302a",0,"AIR"
"200","303a",0,"AIR"
"201","305a",0,"AIR"
"202","306a",0,"AIR"
"203","307a",0,"AIR"
"204","308a",0,"AIR"
"205","309a",0,"AIR"
"206","30a",0,"AIR"
"207","310a",0,"AIR"
"208","311a",0,"AIR"
"209","312a",0,"Oxygen"
"210","313a",0,"AIR"
"211","314a",0,"AIR"
"212","315a",0,"AIR"
"213","317a",0,"AIR"
"214","318a",0,"AIR"
"215","319a",0,"AIR"
"216","31a",0,"AIR"
"217","321a",0,"AIR"
"218","323a",0,"AIR"
"219","325a",0,"AIR"
"220","326a",0,"AIR"
"221","327a",0,"AIR"
"222","328a",0,"AIR"
"223","329a",0,"AIR"
"224","32a",0,"AIR"
"225","330a",0,"AIR"
"226","331a",0,"AIR"
"227","332a",0,"AIR"
"228","333a",0,"AIR"
"229","335a",0,"AIR"
"230","336a",0,"AIR"
"231","337a",0,"AIR"
"232","338a",0,"AIR"
"233","339a",0,"AIR"
"234","33a",0,"AIR"
"235","340a",0,"NOXCRABE"
"236","341a",0,"AIR"
"237","342a",0,"AIR"
"238","345a",0,"AIR"
"239","346a",0,"AIR"
"240","347a",0,"AIR"
"241","349a",0,"AIR"
"242","34a",0,"AIR"
"243","350a",0,"AIR"
"244","351a",0,"AIR"
"245","352a",0,"AIR"
"246","353a",0,"AIR"
"247","355a",0,"AIR"
"248","356a",0,"AIR"
"249","357a",0,"AIR"
"250","358a",0,"AIR"
"251","359a",0,"AIR"
"252","35a",0,"NOXCRABE"
"253","360a",0,"AIR"
"254","361a",0,"AIR"
"255","362a",0,"AIR"
"256","363a",0,"AIR"
"257","364a",0,"AIR"
"258","365a",0,"AIR"
"259","366a",0,"AIR"
"260","367a",0,"AIR"
"261","36a",0,"AIR"
"262","37a",0,"AIR"
"263","38a",0,"AIR"
"264","39a",0,"AIR"
"265","3a",0,"AIR"
"266","40a",0,"AIR"
"267","41a",0,"AIR"
"268","42a",0,"AIR"
"269","43a",0,"AIR"
"270","44a",0,"AIR"
"271","45a",0,"AIR"
"272","47a",0,"AIR"
"273","48a",0,"AIR"
"274","49a",0,"AIR"
"275","4a",0,"AIR"
"276","50a",0,"AIR"
"277","51a",0,"AIR"
"278","52a",0,"AIR"
"279","53a",0,"AIR"
"280","54a",0,"AIR"
"281","55a",0,"AIR"
"282","56a",0,"AIR"
"283","57a",0,"AIR"
"284","58a",0,"AIR"
"285","59a",0,"AIR"
"286","5a",0,"AIR"
"287","60a",0,"AIR"
"288","61a",0,"AIR"
"289","64a",0,"AIR"
"290","67a",0,"AIR"
"291","68a",0,"AIR"
"292","6a",0,"AIR"
"293","70a",0,"AIR"
"294","71a",0,"AIR"
"295","72a",0,"AIR"
"296","73a",0,"AIR"
"297","74a",0,"AIR"
"298","75a",0,"AIR"
"299","76a",0,"AIR"
"300","77a",0,"AIR"
"301","78a",0,"AIR"
"302","79a",0,"AIR"
"303","7a",0,"AIR"
"304","80a",0,"AIR"
"305","81a",0,"AIR"
"306","82a",0,"AIR"
"307","83a",0,"AIR"
"308","84a",0,"AIR"
"309","85a",0,"AIR"
"310","86a",0,"AIR"
"311","87a",0,"AIR"
"312","88a",0,"AIR"
"313","89a",0,"AIR"
"314","90a",0,"AIR"
"315","91a",0,"AIR"
"316","92a",0,"AIR"
"317","93a",0,"AIR"
"318","94a",0,"AIR"
"319","95a",0,"AIR"
"320","96a",0,"AIR"
"321","97a",0,"AIR"
"322","98a",0,"AIR"
"323","99a",0,"AIR"
"324","9a",0,"AIR"
"325","101a",1,"AIR"
"326","102a",2,"NOXCRABE"
"327","119a",2,"AIR"
"328","145a",2,"AIR"
"329","302a",2,"AIR"
"330","78a",2,"AIR"
"331","82a",2,"AIR"
"332","98a",2,"AIR"
"333","116a",3,"AIR"
"334","120a",3,"NOXCRABE"
"335","154a",3,"NOXCRABE"
"336","162a",3,"NOXCRABE"
"337","18a",3,"AIR"
"338","194a",3,"AIR"
"339","20a",3,"Oxygen"
"340","218a",3,"AIR"
"341","222a",3,"AIR"
"342","227a",3,"NOXCRABE"
"343","244a",3,"AIR"
"344","249a",3,"NOXCRABE"
"345","251a",3,"AIR"
"346","257a",3,"NOXCRABE"
"347","263a",3,"Oxygen"
"348","271a",3,"NOXCRABE"
"349","276a",3,"AIR"
"350","282a",3,"AIR"
"351","287a",3,"Oxygen"
"352","291a",3,"AIR"
"353","298a",3,"AIR"
"354","30a",3,"NOXCRABE"
"355","312a",3,"Oxygen"
"356","314a",3,"AIR"
"357","31a",3,"AIR"
"358","326a",3,"AIR"
"359","336a",3,"AIR"
"360","347a",3,"AIR"
"361","351a",3,"NOXCRABE"
"362","35a",3,"NOXCRABE"
"363","365a",3,"Oxygen"
"364","51a",3,"AIR"
"365","55a",3,"AIR"
"366","64a",3,"AIR"
"367","81a",3,"NOXCRABE"
"368","85a",3,"AIR"
"369","86a",3,"AIR"
"370","90a",3,"AIR"
"371","94a",3,"AIR"
"372","105a",4,"AIR"
"373","107a",4,"AIR"
"374","108a",4,"AIR"
"375","109a",4,"AIR"
"376","10a",4,"NOXCRABE"
"377","114a",4,"AIR"
"378","118a",4,"AIR"
"379","11a",4,"NOXCRABE"
"380","124a",4,"NOXBouteille"
"381","126a",4,"AIR"
"382","127a",4,"AIR"
"383","129a",4,"Oxygen"
"384","12a",4,"NOXCRABE"
"385","133a",4,"AIR"
"386","134a",4,"AIR"
"387","135a",4,"AIR"
"388","137a",4,"AIR"
"389","13a",4,"NOXBouteille"
"390","140a",4,"AIR"
"391","144a",4,"AIR"
"392","146a",4,"AIR"
"393","148a",4,"AIR"
"394","151a",4,"NOXCRABE"
"395","152a",4,"AIR"
"396","155a",4,"Oxygen"
"397","15a",4,"AIR"
"398","160a",4,"AIR"
"399","169a",4,"NOXCRABE"
"400","16a",4,"Oxygen"
"401","170a",4,"Oxygen"
"402","172a",4,"NOXCRABE"
"403","174a",4,"AIR"
"404","177a",4,"AIR"
"405","179a",4,"AIR"
"406","17a",4,"Oxygen"
"407","181a",4,"Oxygen"
"408","183a",4,"AIR"
"409","185a",4,"AIR"
"410","187a",4,"Oxygen"
"411","189a",4,"Oxygen"
"412","190a",4,"AIR"
"413","191a",4,"AIR"
"414","192a",4,"NOXCRABE"
"415","193a",4,"NOXCRABE"
"416","198a",4,"AIR"
"417","19a",4,"AIR"
"418","200a",4,"AIR"
"419","202a",4,"AIR"
"420","204a",4,"AIR"
"421","205a",4,"AIR"
"422","206a",4,"Oxygen"
"423","207a",4,"NOXCRABE"
"424","209a",4,"NOXCRABE"
"425","215a",4,"NOXCRABE"
"426","217a",4,"AIR"
"427","21a",4,"Oxygen"
"428","221a",4,"AIR"
"429","223a",4,"AIR"
"430","224a",4,"NOXCRABE"
"431","225a",4,"AIR"
"432","226a",4,"AIR"
"433","22a",4,"NOXCRABE"
"434","230a",4,"AIR"
"435","231a",4,"Oxygen"
"436","232a",4,"Oxygen"
"437","233a",4,"AIR"
"438","235a",4,"NOXCRABE"
"439","236a",4,"AIR"
"440","237a",4,"NOXCRABE"
"441","238a",4,"AIR"
"442","239a",4,"AIR"
"443","23a",4,"Oxygen"
"444","240a",4,"AIR"
"445","241a",4,"AIR"
"446","245a",4,"NOXCRABE"
"447","246a",4,"AIR"
"448","248a",4,"Oxygen"
"449","250a",4,"AIR"
"450","253a",4,"AIR"
"451","258a",4,"Oxygen"
"452","259a",4,"NOXCRABE"
"453","260a",4,"Oxygen"
"454","266a",4,"NOXCRABE"
"455","267a",4,"AIR"
"456","269a",4,"AIR"
"457","26a",4,"NOXCRABE"
"458","272a",4,"AIR"
"459","277a",4,"Oxygen"
"460","279a",4,"AIR"
"461","281a",4,"NOXCRABE"
"462","283a",4,"AIR"
"463","285a",4,"AIR"
"464","28a",4,"Oxygen"
"465","292a",4,"NOXCRABE"
"466","293a",4,"AIR"
"467","294a",4,"AIR"
"468","296a",4,"AIR"
"469","297a",4,"NOXCRABE"
"470","298a",4,"AIR"
"471","299a",4,"AIR"
"472","29a",4,"Oxygen"
"473","305a",4,"NOXCRABE"
"474","308a",4,"AIR"
"475","309a",4,"NOXCRABE"
"476","312a",4,"Oxygen"
"477","315a",4,"AIR"
"478","318a",4,"AIR"
"479","319a",4,"Oxygen"
"480","323a",4,"AIR"
"481","325a",4,"AIR"
"482","327a",4,"NOXCRABE"
"483","328a",4,"AIR"
"484","329a",4,"AIR"
"485","32a",4,"AIR"
"486","330a",4,"AIR"
"487","331a",4,"AIR"
"488","332a",4,"AIR"
"489","333a",4,"AIR"
"490","335a",4,"AIR"
"491","337a",4,"AIR"
"492","338a",4,"AIR"
"493","339a",4,"AIR"
"494","340a",4,"NOXCRABE"
"495","341a",4,"AIR"
"496","350a",4,"AIR"
"497","351a",4,"NOXCRABE"
"498","352a",4,"NOXCRABE"
"499","353a",4,"NOXCRABE"
"500","356a",4,"AIR"
"501","357a",4,"Oxygen"
"502","360a",4,"AIR"
"503","362a",4,"AIR"
"504","364a",4,"Oxygen"
"505","365a",4,"Oxygen"
"506","367a",4,"Oxygen"
"507","38a",4,"AIR"
"508","39a",4,"NOXCRABE"
"509","40a",4,"Oxygen"
"510","41a",4,"AIR"
"511","42a",4,"NOXCRABE"
"512","43a",4,"AIR"
"513","44a",4,"Oxygen"
"514","47a",4,"AIR"
"515","48a",4,"AIR"
"516","4a",4,"NOXCRABE"
"517","50a",4,"NOXCRABE"
"518","53a",4,"AIR"
"519","54a",4,"AIR"
"520","57a",4,"AIR"
"521","58a",4,"Oxygen"
"522","59a",4,"AIR"
"523","60a",4,"AIR"
"524","61a",4,"AIR"
"525","68a",4,"AIR"
"526","6a",4,"Oxygen"
"527","70a",4,"Oxygen"
"528","73a",4,"AIR"
"529","74a",4,"AIR"
"530","75a",4,"AIR"
"531","79a",4,"AIR"
"532","7a",4,"Oxygen"
"533","80a",4,"AIR"
"534","84a",4,"AIR"
"535","88a",4,"AIR"
"536","89a",4,"AIR"
"537","91a",4,"AIR"
"538","93a",4,"NOXCRABE"
"539","95a",4,"AIR"
"540","96a",4,"AIR"
"541","97a",4,"AIR"
"542","99a",4,"AIR"
"543","101a",5,"NOXCRABE"
"544","110a",5,"AIR"
"545","112a",5,"AIR"
"546","113a",5,"NOXCRABE"
"547","115a",5,"AIR"
"548","117a",5,"NOXCRABE"
"549","121a",5,"Oxygen"
"550","123a",5,"AIR"
"551","131a",5,"AIR"
"552","138a",5,"AIR"
"553","141a",5,"Oxygen"
"554","143a",5,"Oxygen"
"555","14a",5,"AIR"
"556","161a",5,"AIR"
"557","165a",5,"AIR"
"558","167a",5,"NOXBouteille"
"559","171a",5,"Oxygen"
"560","180a",5,"NOXCRABE"
"561","182a",5,"NOXCRABE"
"562","188a",5,"AIR"
"563","195a",5,"NOXCRABE"
"564","197a",5,"AIR"
"565","1a",5,"NOXCRABE"
"566","208a",5,"AIR"
"567","216a",5,"AIR"
"568","228a",5,"AIR"
"569","229a",5,"NOXCRABE"
"570","234a",5,"Oxygen"
"571","247a",5,"NOXCRABE"
"572","254a",5,"NOXCRABE"
"573","255a",5,"NOXCRABE"
"574","256a",5,"AIR"
"575","25a",5,"NOXCRABE"
"576","261a",5,"NOXBouteille"
"577","268a",5,"AIR"
"578","270a",5,"AIR"
"579","275a",5,"AIR"
"580","278a",5,"AIR"
"581","27a",5,"Oxygen"
"582","284a",5,"AIR"
"583","286a",5,"AIR"
"584","290a",5,"NOXCRABE"
"585","295a",5,"AIR"
"586","301a",5,"NOXCRABE"
"587","302a",5,"Oxygen"
"588","306a",5,"NOXCRABE"
"589","307a",5,"AIR"
"590","311a",5,"AIR"
"591","312a",5,"Oxygen"
"592","313a",5,"AIR"
"593","317a",5,"NOXCRABE"
"594","319a",5,"Oxygen"
"595","321a",5,"AIR"
"596","335a",5,"NOXCRABE"
"597","33a",5,"AIR"
"598","340a",5,"NOXCRABE"
"599","342a",5,"AIR"
"600","345a",5,"AIR"
"601","349a",5,"AIR"
"602","34a",5,"Oxygen"
"603","351a",5,"NOXBouteille"
"604","355a",5,"AIR"
"605","357a",5,"Oxygen"
"606","359a",5,"Oxygen"
"607","363a",5,"NOXCRABE"
"608","366a",5,"AIR"
"609","36a",5,"AIR"
"610","37a",5,"Oxygen"
"611","3a",5,"NOXCRABE"
"612","52a",5,"AIR"
"613","5a",5,"NOXCRABE"
"614","67a",5,"AIR"
"615","71a",5,"Oxygen"
"616","76a",5,"AIR"
"617","80a",5,"AIR"
"618","83a",5,"AIR"
"619","87a",5,"Oxygen"
"620","9a",5,"AIR"
"621","100a",6,"NOXCRABE"
"622","102a",6,"NOXCRABE"
"623","104a",6,"Oxygen"
"624","106a",6,"NOXCRABE"
"625","11a",6,"NOXCRABE"
"626","139a",6,"NOXCRABE"
"627","162a",6,"NOXCRABE"
"628","173a",6,"NOXCRABE"
"629","211a",6,"Oxygen"
"630","247a",6,"NOXCRABE"
"631","275a",6,"AIR"
"632","276a",6,"AIR"
"633","281a",6,"NOXCRABE"
"634","283a",6,"AIR"
"635","289a",6,"Oxygen"
"636","292a",6,"NOXCRABE"
"637","305a",6,"NOXCRABE"
"638","306a",6,"NOXCRABE"
"639","310a",6,"Oxygen"
"640","312a",6,"Oxygen"
"641","315a",6,"AIR"
"642","317a",6,"NOXCRABE"
"643","31a",6,"AIR"
"644","323a",6,"AIR"
"645","325a",6,"AIR"
"646","327a",6,"NOXCRABE"
"647","335a",6,"NOXCRABE"
"648","340a",6,"NOXCRABE"
"649","346a",6,"AIR"
"650","347a",6,"AIR"
"651","357a",6,"Oxygen"
"652","361a",6,"Oxygen"
"653","364a",6,"Oxygen"
"654","365a",6,"Oxygen"
"655","39a",6,"NOXCRABE"
"656","56a",6,"AIR"
"657","62a",6,"Oxygen"
"658","78a",6,"AIR"
"659","82a",6,"AIR"
"660","98a",6,"NOXCRABE"
"661","109a",7,"AIR"
"662","120a",7,"NOXCRABE"
"663","121a",7,"Oxygen"
"664","125a",7,"NOXCRABE"
"665","133a",7,"AIR"
"666","135a",7,"AIR"
"667","145a",7,"AIR"
"668","146a",7,"AIR"
"669","154a",7,"NOXBouteille"
"670","176a",7,"AIR"
"671","194a",7,"NOXCRABE"
"672","20a",7,"Oxygen"
"673","210a",7,"Oxygen"
"674","213a",7,"AIR"
"675","218a",7,"AIR"
"676","220a",7,"AIR"
"677","222a",7,"AIR"
"678","227a",7,"NOXCRABE"
"679","244a",7,"AIR"
"680","249a",7,"NOXCRABE"
"681","251a",7,"AIR"
"682","255a",7,"NOXCRABE"
"683","257a",7,"NOXCRABE"
"684","258a",7,"Oxygen"
"685","264a",7,"Oxygen"
"686","266a",7,"NOXCRABE"
"687","271a",7,"NOXCRABE"
"688","275a",7,"AIR"
"689","277a",7,"Oxygen"
"690","282a",7,"AIR"
"691","283a",7,"AIR"
"692","287a",7,"Oxygen"
"693","290a",7,"NOXCRABE"
"694","291a",7,"AIR"
"695","292a",7,"NOXCRABE"
"696","298a",7,"Oxygen"
"697","29a",7,"Oxygen"
"698","2a",7,"Oxygen"
"699","302a",7,"Oxygen"
"700","305a",7,"NOXCRABE"
"701","306a",7,"NOXBouteille"
"702","309a",7,"NOXCRABE"
"703","30a",7,"NOXCRABE"
"704","310a",7,"Oxygen"
"705","312a",7,"Oxygen"
"706","314a",7,"Oxygen"
"707","315a",7,"AIR"
"708","317a",7,"NOXCRABE"
"709","325a",7,"AIR"
"710","326a",7,"Oxygen"
"711","330a",7,"NOXCRABE"
"712","332a",7,"AIR"
"713","335a",7,"NOXCRABE"
"714","335a",7,"NOXCRABE"
"715","336a",7,"AIR"
"716","337a",7,"AIR"
"717","339a",7,"AIR"
"718","340a",7,"NOXCRABE"
"719","342a",7,"AIR"
"720","351a",7,"NOXBouteille"
"721","358a",7,"Oxygen"
"722","359a",7,"Oxygen"
"723","35a",7,"NOXCRABE"
"724","360a",7,"AIR"
"725","362a",7,"AIR"
"726","363a",7,"NOXBouteille"
"727","367a",7,"Oxygen"
"728","40a",7,"Oxygen"
"729","4a",7,"NOXCRABE"
"730","51a",7,"AIR"
"731","52a",7,"AIR"
"732","55a",7,"AIR"
"733","64a",7,"AIR"
"734","77a",7,"NOXCRABE"
"735","81a",7,"NOXCRABE"
"736","85a",7,"AIR"
"737","86a",7,"AIR"
"738","87a",7,"Oxygen"
"739","90a",7,"AIR"
"740","94a",7,"AIR"
"741","101a",8,"NOXCRABE"
"742","105a",8,"AIR"
"743","107a",8,"AIR"
"744","108a",8,"AIR"
"745","10a",8,"NOXCRABE"
"746","114a",8,"AIR"
"747","116a",8,"AIR"
"748","118a",8,"AIR"
"749","120a",8,"NOXCRABE"
"750","124a",8,"NOXBouteille"
"751","126a",8,"AIR"
"752","129a",8,"Oxygen"
"753","12a",8,"NOXCRABE"
"754","132a",8,"NOXCRABE"
"755","134a",8,"AIR"
"756","137a",8,"AIR"
"757","140a",8,"AIR"
"758","148a",8,"AIR"
"759","14a",8,"AIR"
"760","152a",8,"AIR"
"761","155a",8,"Oxygen"
"762","15a",8,"AIR"
"763","169a",8,"NOXCRABE"
"764","170a",8,"Oxygen"
"765","172a",8,"NOXCRABE"
"766","174a",8,"AIR"
"767","175a",8,"AIR"
"768","177a",8,"AIR"
"769","178a",8,"AIR"
"770","179a",8,"AIR"
"771","180a",8,"NOXCRABE"
"772","183a",8,"AIR"
"773","185a",8,"AIR"
"774","18a",8,"AIR"
"775","190a",8,"AIR"
"776","192a",8,"NOXBouteille"
"777","198a",8,"AIR"
"778","200a",8,"AIR"
"779","202a",8,"AIR"
"780","204a",8,"AIR"
"781","205a",8,"AIR"
"782","207a",8,"NOXCRABE"
"783","208a",8,"NOXCRABE"
"784","215a",8,"NOXBouteille"
"785","217a",8,"AIR"
"786","221a",8,"AIR"
"787","224a",8,"NOXBouteille"
"788","225a",8,"AIR"
"789","226a",8,"AIR"
"790","22a",8,"NOXCRABE"
"791","230a",8,"AIR"
"792","231a",8,"Oxygen"
"793","232a",8,"Oxygen"
"794","233a",8,"AIR"
"795","235a",8,"NOXCRABE"
"796","236a",8,"AIR"
"797","237a",8,"NOXCRABE"
"798","238a",8,"AIR"
"799","239a",8,"AIR"
"800","240a",8,"AIR"
"801","241a",8,"AIR"
"802","242a",8,"AIR"
"803","245a",8,"NOXCRABE"
"804","246a",8,"AIR"
"805","247a",8,"NOXCRABE"
"806","248a",8,"Oxygen"
"807","250a",8,"AIR"
"808","253a",8,"AIR"
"809","255a",8,"NOXCRABE"
"810","257a",8,"NOXBouteille"
"811","259a",8,"NOXCRABE"
"812","260a",8,"Oxygen"
"813","261a",8,"NOXCRABE"
"814","262a",8,"NOXBouteille"
"815","266a",8,"NOXCRABE"
"816","267a",8,"AIR"
"817","269a",8,"AIR"
"818","26a",8,"NOXCRABE"
"819","272a",8,"AIR"
"820","273a",8,"AIR"
"821","279a",8,"AIR"
"822","281a",8,"NOXCRABE"
"823","283a",8,"AIR"
"824","284a",8,"AIR"
"825","285a",8,"AIR"
"826","289a",8,"Oxygen"
"827","290a",8,"NOXCRABE"
"828","292a",8,"NOXCRABE"
"829","293a",8,"AIR"
"830","296a",8,"AIR"
"831","297a",8,"NOXCRABE"
"832","298a",8,"Oxygen"
"833","299a",8,"AIR"
"834","302a",8,"Oxygen"
"835","305a",8,"NOXCRABE"
"836","306a",8,"NOXCRABE"
"837","309a",8,"NOXCRABE"
"838","310a",8,"Oxygen"
"839","312a",8,"Oxygen"
"840","315a",8,"AIR"
"841","317a",8,"NOXCRABE"
"842","318a",8,"AIR"
"843","319a",8,"Oxygen"
"844","323a",8,"AIR"
"845","325a",8,"AIR"
"846","326a",8,"Oxygen"
"847","327a",8,"NOXCRABE"
"848","329a",8,"AIR"
"849","32a",8,"AIR"
"850","331a",8,"AIR"
"851","333a",8,"AIR"
"852","337a",8,"AIR"
"853","339a",8,"AIR"
"854","340a",8,"NOXBouteille"
"855","341a",8,"AIR"
"856","342a",8,"AIR"
"857","346a",8,"AIR"
"858","351a",8,"NOXBouteille"
"859","352a",8,"NOXCRABE"
"860","353a",8,"NOXCRABE"
"861","356a",8,"AIR"
"862","357a",8,"Oxygen"
"863","358a",8,"Oxygen"
"864","359a",8,"Oxygen"
"865","363a",8,"NOXCRABE"
"866","364a",8,"Oxygen"
"867","365a",8,"Oxygen"
"868","38a",8,"AIR"
"869","41a",8,"AIR"
"870","42a",8,"NOXCRABE"
"871","43a",8,"AIR"
"872","44a",8,"Oxygen"
"873","48a",8,"AIR"
"874","49a",8,"NOXBouteille"
"875","50a",8,"NOXCRABE"
"876","53a",8,"AIR"
"877","54a",8,"AIR"
"878","57a",8,"AIR"
"879","59a",8,"AIR"
"880","60a",8,"AIR"
"881","61a",8,"AIR"
"882","68a",8,"AIR"
"883","6a",8,"Oxygen"
"884","70a",8,"Oxygen"
"885","71a",8,"Oxygen"
"886","72a",8,"Oxygen"
"887","73a",8,"AIR"
"888","74a",8,"AIR"
"889","75a",8,"AIR"
"890","79a",8,"AIR"
"891","7a",8,"Oxygen"
"892","80a",8,"AIR"
"893","87a",8,"Oxygen"
"894","88a",8,"AIR"
"895","89a",8,"AIR"
"896","91a",8,"AIR"
"897","95a",8,"AIR"
"898","96a",8,"AIR"
"899","99a",8,"AIR"
"900","101a",9,"NOXCRABE"
"901","102a",9,"NOXCRABE"
"902","110a",9,"AIR"
"903","112a",9,"AIR"
"904","113a",9,"NOXCRABE"
"905","115a",9,"AIR"
"906","117a",9,"NOXCRABE"
"907","119a",9,"AIR"
"908","120a",9,"NOXCRABE"
"909","123a",9,"AIR"
"910","129a",9,"Oxygen"
"911","131a",9,"AIR"
"912","143a",9,"Oxygen"
"913","144a",9,"AIR"
"914","149a",9,"AIR"
"915","161a",9,"AIR"
"916","165a",9,"AIR"
"917","167a",9,"NOXCRABE"
"918","171a",9,"Oxygen"
"919","17a",9,"Oxygen"
"920","182a",9,"NOXCRABE"
"921","187a",9,"Oxygen"
"922","188a",9,"AIR"
"923","189a",9,"Oxygen"
"924","193a",9,"NOXCRABE"
"925","196a",9,"AIR"
"926","197a",9,"AIR"
"927","1a",9,"NOXCRABE"
"928","206a",9,"Oxygen"
"929","216a",9,"AIR"
"930","21a",9,"Oxygen"
"931","223a",9,"AIR"
"932","228a",9,"AIR"
"933","229a",9,"NOXCRABE"
"934","234a",9,"Oxygen"
"935","23a",9,"Oxygen"
"936","247a",9,"NOXCRABE"
"937","249a",9,"NOXCRABE"
"938","255a",9,"NOXCRABE"
"939","256a",9,"AIR"
"940","257a",9,"NOXBouteille"
"941","25a",9,"NOXCRABE"
"942","264a",9,"Oxygen"
"943","266a",9,"NOXCRABE"
"944","268a",9,"AIR"
"945","270a",9,"AIR"
"946","271a",9,"NOXCRABE"
"947","275a",9,"AIR"
"948","277a",9,"Oxygen"
"949","278a",9,"AIR"
"950","281a",9,"NOXCRABE"
"951","284a",9,"AIR"
"952","286a",9,"AIR"
"953","289a",9,"Oxygen"
"954","28a",9,"Oxygen"
"955","290a",9,"NOXCRABE"
"956","292a",9,"NOXCRABE"
"957","294a",9,"AIR"
"958","295a",9,"AIR"
"959","297a",9,"NOXCRABE"
"960","298a",9,"Oxygen"
"961","301a",9,"NOXCRABE"
"962","302a",9,"Oxygen"
"963","303a",9,"Oxygen"
"964","305a",9,"NOXCRABE"
"965","307a",9,"AIR"
"966","308a",9,"AIR"
"967","309a",9,"NOXCRABE"
"968","311a",9,"AIR"
"969","313a",9,"AIR"
"970","315a",9,"AIR"
"971","317a",9,"NOXCRABE"
"972","321a",9,"AIR"
"973","323a",9,"AIR"
"974","325a",9,"AIR"
"975","326a",9,"Oxygen"
"976","327a",9,"NOXCRABE"
"977","328a",9,"AIR"
"978","337a",9,"AIR"
"979","340a",9,"NOXBouteille"
"980","345a",9,"AIR"
"981","349a",9,"AIR"
"982","34a",9,"Oxygen"
"983","350a",9,"AIR"
"984","352a",9,"NOXCRABE"
"985","355a",9,"AIR"
"986","357a",9,"Oxygen"
"987","358a",9,"Oxygen"
"988","359a",9,"Oxygen"
"989","363a",9,"NOXCRABE"
"990","365a",9,"Oxygen"
"991","366a",9,"AIR"
"992","36a",9,"AIR"
"993","3a",9,"NOXCRABE"
"994","47a",9,"AIR"
"995","50a",9,"NOXCRABE"
"996","57a",9,"AIR"
"997","58a",9,"Oxygen"
"998","5a",9,"NOXCRABE"
"999","64a",9,"AIR"
"1000","67a",9,"AIR"
"1001","71a",9,"Oxygen"
"1002","72a",9,"Oxygen"
"1003","77a",9,"NOXCRABE"
"1004","82a",9,"AIR"
"1005","83a",9,"AIR"
"1006","90a",9,"AIR"
"1007","93a",9,"NOXCRABE"
"1008","97a",9,"AIR"
"1009","98a",9,"NOXCRABE"
"1010","98a",9,"NOXCRABE"
"1011","100a",10,"NOXCRABE"
"1012","101a",10,"NOXCRABE"
"1013","102a",10,"NOXCRABE"
"1014","104a",10,"Oxygen"
"1015","106a",10,"NOXCRABE"
"1016","111a",10,"NOXBouteille"
"1017","117a",10,"NOXCRABE"
"1018","120a",10,"NOXCRABE"
"1019","121a",10,"Oxygen"
"1020","124a",10,"NOXCRABE"
"1021","125a",10,"NOXBouteille"
"1022","129a",10,"Oxygen"
"1023","132a",10,"NOXCRABE"
"1024","139a",10,"NOXCRABE"
"1025","13a",10,"NOXCRABE"
"1026","141a",10,"Oxygen"
"1027","149a",10,"AIR"
"1028","151a",10,"NOXCRABE"
"1029","156a",10,"AIR"
"1030","162a",10,"NOXCRABE"
"1031","176a",10,"AIR"
"1032","195a",10,"NOXCRABE"
"1033","209a",10,"NOXCRABE"
"1034","210a",10,"Oxygen"
"1035","211a",10,"NOXBouteille"
"1036","247a",10,"NOXCRABE"
"1037","249a",10,"NOXBouteille"
"1038","255a",10,"NOXCRABE"
"1039","261a",10,"NOXCRABE"
"1040","264a",10,"Oxygen"
"1041","266a",10,"NOXCRABE"
"1042","270a",10,"AIR"
"1043","271a",10,"NOXCRABE"
"1044","275a",10,"AIR"
"1045","277a",10,"Oxygen"
"1046","281a",10,"NOXCRABE"
"1047","283a",10,"AIR"
"1048","284a",10,"AIR"
"1049","287a",10,"Oxygen"
"1050","289a",10,"Oxygen"
"1051","290a",10,"NOXCRABE"
"1052","292a",10,"NOXCRABE"
"1053","297a",10,"NOXCRABE"
"1054","298a",10,"Oxygen"
"1055","29a",10,"Oxygen"
"1056","301a",10,"NOXCRABE"
"1057","305a",10,"NOXBouteille"
"1058","306a",10,"NOXBouteille"
"1059","309a",10,"NOXCRABE"
"1060","310a",10,"Oxygen"
"1061","310a",10,"Oxygen"
"1062","311a",10,"AIR"
"1063","312a",10,"Oxygen"
"1064","315a",10,"AIR"
"1065","317a",10,"NOXCRABE"
"1066","319a",10,"Oxygen"
"1067","31a",10,"AIR"
"1068","325a",10,"AIR"
"1069","326a",10,"Oxygen"
"1070","330a",10,"NOXCRABE"
"1071","335a",10,"NOXBouteille"
"1072","336a",10,"AIR"
"1073","337a",10,"AIR"
"1074","33a",10,"AIR"
"1075","347a",10,"AIR"
"1076","351a",10,"NOXBouteille"
"1077","352a",10,"NOXCRABE"
"1078","356a",10,"AIR"
"1079","357a",10,"Oxygen"
"1080","358a",10,"NOXBouteille"
"1081","359a",10,"Oxygen"
"1082","363a",10,"NOXCRABE"
"1083","364a",10,"Oxygen"
"1084","365a",10,"Oxygen"
"1085","367a",10,"Oxygen"
"1086","36a",10,"AIR"
"1087","39a",10,"NOXCRABE"
"1088","47a",10,"AIR"
"1089","49a",10,"NOXBouteille"
"1090","55a",10,"AIR"
"1091","56a",10,"NOXCRABE"
"1092","57a",10,"AIR"
"1093","58a",10,"Oxygen"
"1094","62a",10,"Oxygen"
"1095","72a",10,"Oxygen"
"1096","77a",10,"NOXCRABE"
"1097","78a",10,"AIR"
"1098","80a",10,"AIR"
"1099","85a",10,"AIR"
"1100","90a",10,"AIR"
"1101","97a",10,"AIR"
"1102","98a",10,"NOXCRABE"
"1103","9a",10,"NOXCRABE"
"1104","100a",11,"NOXCRABE"
"1105","101a",11,"NOXBouteille"
"1106","102a",11,"NOXCRABE"
"1107","106a",11,"NOXCRABE"
"1108","109a",11,"AIR"
"1109","112a",11,"AIR"
"1110","113a",11,"NOXCRABE"
"1111","117a",11,"NOXCRABE"
"1112","118a",11,"AIR"
"1113","11a",11,"NOXCRABE"
"1114","120a",11,"NOXCRABE"
"1115","121a",11,"Oxygen"
"1116","124a",11,"NOXCRABE"
"1117","125a",11,"NOXBouteille"
"1118","126a",11,"AIR"
"1119","133a",11,"AIR"
"1120","135a",11,"AIR"
"1121","139a",11,"NOXCRABE"
"1122","148a",11,"AIR"
"1123","149a",11,"AIR"
"1124","153a",11,"NOXBouteille"
"1125","154a",11,"NOXCRABE"
"1126","15a",11,"AIR"
"1127","16a",11,"Oxygen"
"1128","173a",11,"NOXCRABE"
"1129","181a",11,"NOXBouteille"
"1130","18a",11,"AIR"
"1131","194a",11,"NOXCRABE"
"1132","196a",11,"AIR"
"1133","213a",11,"NOXCRABE"
"1134","218a",11,"AIR"
"1135","220a",11,"AIR"
"1136","222a",11,"AIR"
"1137","227a",11,"NOXCRABE"
"1138","22a",11,"NOXCRABE"
"1139","244a",11,"AIR"
"1140","247a",11,"NOXCRABE"
"1141","249a",11,"NOXCRABE"
"1142","251a",11,"AIR"
"1143","253a",11,"AIR"
"1144","255a",11,"NOXCRABE"
"1145","257a",11,"NOXBouteille"
"1146","261a",11,"NOXBouteille"
"1147","263a",11,"Oxygen"
"1148","264a",11,"Oxygen"
"1149","266a",11,"NOXBouteille"
"1150","271a",11,"NOXCRABE"
"1151","272a",11,"AIR"
"1152","275a",11,"AIR"
"1153","277a",11,"Oxygen"
"1154","281a",11,"NOXCRABE"
"1155","282a",11,"AIR"
"1156","283a",11,"AIR"
"1157","287a",11,"Oxygen"
"1158","289a",11,"Oxygen"
"1159","290a",11,"NOXBouteille"
"1160","291a",11,"AIR"
"1161","292a",11,"NOXCRABE"
"1162","298a",11,"Oxygen"
"1163","301a",11,"NOXCRABE"
"1164","305a",11,"NOXBouteille"
"1165","306a",11,"NOXBouteille"
"1166","30a",11,"NOXCRABE"
"1167","310a",11,"Oxygen"
"1168","312a",11,"Oxygen"
"1169","314a",11,"Oxygen"
"1170","315a",11,"AIR"
"1171","319a",11,"Oxygen"
"1172","325a",11,"AIR"
"1173","326a",11,"Oxygen"
"1174","327a",11,"NOXCRABE"
"1175","330a",11,"NOXCRABE"
"1176","332a",11,"AIR"
"1177","335a",11,"NOXBouteille"
"1178","339a",11,"AIR"
"1179","342a",11,"AIR"
"1180","351a",11,"NOXCRABE"
"1181","352a",11,"NOXBouteille"
"1182","357a",11,"Oxygen"
"1183","358a",11,"NOXBouteille"
"1184","35a",11,"NOXCRABE"
"1185","360a",11,"AIR"
"1186","362a",11,"AIR"
"1187","363a",11,"NOXCRABE"
"1188","365a",11,"Oxygen"
"1189","367a",11,"Oxygen"
"1190","40a",11,"NOXBouteille"
"1191","51a",11,"AIR"
"1192","52a",11,"AIR"
"1193","70a",11,"Oxygen"
"1194","72a",11,"Oxygen"
"1195","77a",11,"NOXCRABE"
"1196","79a",11,"AIR"
"1197","81a",11,"NOXCRABE"
"1198","85a",11,"AIR"
"1199","86a",11,"AIR"
"1200","94a",11,"AIR"
"1201","97a",11,"AIR"
"1202","98a",11,"NOXBouteille"
"1203","100a",12,"NOXCRABE"
"1204","101a",12,"NOXCRABE"
"1205","102a",12,"NOXCRABE"
"1206","105a",12,"AIR"
"1207","107a",12,"AIR"
"1208","108a",12,"AIR"
"1209","10a",12,"NOXCRABE"
"1210","112a",12,"AIR"
"1211","114a",12,"AIR"
"1212","116a",12,"AIR"
"1213","117a",12,"NOXCRABE"
"1214","119a",12,"AIR"
"1215","120a",12,"NOXCRABE"
"1216","121a",12,"Oxygen"
"1217","124a",12,"NOXBouteille"
"1218","129a",12,"Oxygen"
"1219","132a",12,"NOXCRABE"
"1220","134a",12,"AIR"
"1221","135a",12,"AIR"
"1222","139a",12,"NOXCRABE"
"1223","140a",12,"AIR"
"1224","141a",12,"NOXBouteille"
"1225","146a",12,"AIR"
"1226","149a",12,"AIR"
"1227","14a",12,"AIR"
"1228","152a",12,"AIR"
"1229","155a",12,"Oxygen"
"1230","159a",12,"AIR"
"1231","167a",12,"NOXBouteille"
"1232","169a",12,"NOXCRABE"
"1233","170a",12,"Oxygen"
"1234","172a",12,"NOXBouteille"
"1235","174a",12,"AIR"
"1236","177a",12,"AIR"
"1237","178a",12,"AIR"
"1238","179a",12,"AIR"
"1239","180a",12,"NOXCRABE"
"1240","183a",12,"AIR"
"1241","185a",12,"AIR"
"1242","190a",12,"AIR"
"1243","191a",12,"AIR"
"1244","192a",12,"NOXCRABE"
"1245","198a",12,"AIR"
"1246","202a",12,"AIR"
"1247","204a",12,"AIR"
"1248","205a",12,"AIR"
"1249","208a",12,"NOXCRABE"
"1250","20a",12,"Oxygen"
"1251","215a",12,"NOXCRABE"
"1252","217a",12,"AIR"
"1253","221a",12,"AIR"
"1254","224a",12,"NOXCRABE"
"1255","225a",12,"AIR"
"1256","226a",12,"AIR"
"1257","230a",12,"AIR"
"1258","232a",12,"Oxygen"
"1259","233a",12,"AIR"
"1260","235a",12,"NOXCRABE"
"1261","236a",12,"AIR"
"1262","237a",12,"NOXBouteille"
"1263","238a",12,"AIR"
"1264","239a",12,"AIR"
"1265","240a",12,"AIR"
"1266","241a",12,"AIR"
"1267","242a",12,"AIR"
"1268","245a",12,"NOXCRABE"
"1269","246a",12,"AIR"
"1270","248a",12,"NOXBouteille"
"1271","249a",12,"NOXCRABE"
"1272","250a",12,"AIR"
"1273","254a",12,"NOXCRABE"
"1274","258a",12,"Oxygen"
"1275","259a",12,"NOXCRABE"
"1276","260a",12,"Oxygen"
"1277","261a",12,"NOXBouteille"
"1278","264a",12,"NOXBouteille"
"1279","266a",12,"NOXBouteille"
"1280","267a",12,"AIR"
"1281","269a",12,"AIR"
"1282","275a",12,"AIR"
"1283","279a",12,"AIR"
"1284","281a",12,"NOXCRABE"
"1285","285a",12,"AIR"
"1286","287a",12,"Oxygen"
"1287","290a",12,"NOXCRABE"
"1288","292a",12,"NOXCRABE"
"1289","293a",12,"AIR"
"1290","295a",12,"AIR"
"1291","296a",12,"AIR"
"1292","297a",12,"NOXCRABE"
"1293","298a",12,"Oxygen"
"1294","299a",12,"AIR"
"1295","301a",12,"NOXCRABE"
"1296","302a",12,"Oxygen"
"1297","305a",12,"NOXBouteille"
"1298","306a",12,"NOXCRABE"
"1299","312a",12,"Oxygen"
"1300","315a",12,"AIR"
"1301","317a",12,"NOXCRABE"
"1302","323a",12,"AIR"
"1303","326a",12,"Oxygen"
"1304","329a",12,"AIR"
"1305","32a",12,"AIR"
"1306","330a",12,"NOXCRABE"
"1307","331a",12,"AIR"
"1308","333a",12,"AIR"
"1309","335a",12,"NOXCRABE"
"1310","337a",12,"AIR"
"1311","338a",12,"AIR"
"1312","339a",12,"AIR"
"1313","340a",12,"NOXCRABE"
"1314","340a",12,"NOXCRABE"
"1315","341a",12,"AIR"
"1316","346a",12,"AIR"
"1317","351a",12,"NOXCRABE"
"1318","352a",12,"NOXCRABE"
"1319","353a",12,"NOXCRABE"
"1320","357a",12,"NOXBouteille"
"1321","358a",12,"NOXBouteille"
"1322","365a",12,"Oxygen"
"1323","367a",12,"Oxygen"
"1324","38a",12,"AIR"
"1325","41a",12,"AIR"
"1326","42a",12,"NOXBouteille"
"1327","44a",12,"Oxygen"
"1328","45a",12,"Oxygen"
"1329","48a",12,"AIR"
"1330","49a",12,"NOXBouteille"
"1331","4a",12,"NOXCRABE"
"1332","50a",12,"NOXBouteille"
"1333","53a",12,"AIR"
"1334","54a",12,"AIR"
"1335","57a",12,"AIR"
"1336","59a",12,"AIR"
"1337","5a",12,"NOXCRABE"
"1338","60a",12,"AIR"
"1339","61a",12,"AIR"
"1340","67a",12,"AIR"
"1341","68a",12,"AIR"
"1342","6a",12,"Oxygen"
"1343","70a",12,"Oxygen"
"1344","72a",12,"NOXBouteille"
"1345","74a",12,"AIR"
"1346","75a",12,"AIR"
"1347","7a",12,"Oxygen"
"1348","80a",12,"AIR"
"1349","81a",12,"NOXCRABE"
"1350","82a",12,"AIR"
"1351","84a",12,"AIR"
"1352","85a",12,"AIR"
"1353","88a",12,"AIR"
"1354","89a",12,"AIR"
"1355","90a",12,"AIR"
"1356","91a",12,"AIR"
"1357","92a",12,"Oxygen"
"1358","95a",12,"AIR"
"1359","96a",12,"AIR"
"1360","97a",12,"AIR"
"1361","98a",12,"NOXBouteille"
"1362","99a",12,"AIR"
"1363","101a",13,"NOXCRABE"
"1364","102a",13,"NOXCRABE"
"1365","103a",13,"Oxygen"
"1366","106a",13,"NOXCRABE"
"1367","110a",13,"AIR"
"1368","113a",13,"NOXCRABE"
"1369","117a",13,"NOXCRABE"
"1370","120a",13,"NOXCRABE"
"1371","121a",13,"NOXBouteille"
"1372","121a",13,"NOXBouteille"
"1373","123a",13,"AIR"
"1374","125a",13,"NOXBouteille"
"1375","127a",13,"AIR"
"1376","131a",13,"AIR"
"1377","132a",13,"NOXCRABE"
"1378","135a",13,"AIR"
"1379","138a",13,"AIR"
"1380","139a",13,"NOXBouteille"
"1381","141a",13,"NOXBouteille"
"1382","141a",13,"NOXBouteille"
"1383","143a",13,"Oxygen"
"1384","151a",13,"NOXCRABE"
"1385","161a",13,"AIR"
"1386","165a",13,"AIR"
"1387","171a",13,"NOXBouteille"
"1388","175a",13,"AIR"
"1389","17a",13,"Oxygen"
"1390","182a",13,"NOXCRABE"
"1391","187a",13,"Oxygen"
"1392","188a",13,"AIR"
"1393","189a",13,"Oxygen"
"1394","193a",13,"NOXCRABE"
"1395","197a",13,"AIR"
"1396","19a",13,"AIR"
"1397","1a",13,"NOXCRABE"
"1398","200a",13,"AIR"
"1399","206a",13,"Oxygen"
"1400","216a",13,"AIR"
"1401","21a",13,"Oxygen"
"1402","221a",13,"AIR"
"1403","223a",13,"AIR"
"1404","227a",13,"NOXCRABE"
"1405","228a",13,"AIR"
"1406","229a",13,"NOXCRABE"
"1407","231a",13,"Oxygen"
"1408","234a",13,"NOXBouteille"
"1409","237a",13,"NOXBouteille"
"1410","23a",13,"Oxygen"
"1411","247a",13,"NOXCRABE"
"1412","254a",13,"NOXCRABE"
"1413","255a",13,"NOXCRABE"
"1414","256a",13,"AIR"
"1415","257a",13,"NOXBouteille"
"1416","25a",13,"NOXCRABE"
"1417","261a",13,"NOXBouteille"
"1418","264a",13,"NOXBouteille"
"1419","266a",13,"NOXBouteille"
"1420","268a",13,"AIR"
"1421","270a",13,"AIR"
"1422","275a",13,"AIR"
"1423","275a",13,"AIR"
"1424","276a",13,"AIR"
"1425","277a",13,"Oxygen"
"1426","278a",13,"AIR"
"1427","281a",13,"NOXCRABE"
"1428","283a",13,"AIR"
"1429","284a",13,"AIR"
"1430","286a",13,"AIR"
"1431","289a",13,"NOXBouteille"
"1432","28a",13,"Oxygen"
"1433","290a",13,"NOXCRABE"
"1434","292a",13,"NOXCRABE"
"1435","297a",13,"NOXCRABE"
"1436","298a",13,"Oxygen"
"1437","2a",13,"Oxygen"
"1438","301a",13,"NOXCRABE"
"1439","305a",13,"NOXCRABE"
"1440","306a",13,"NOXCRABE"
"1441","307a",13,"AIR"
"1442","308a",13,"AIR"
"1443","309a",13,"NOXCRABE"
"1444","309a",13,"NOXCRABE"
"1445","310a",13,"Oxygen"
"1446","311a",13,"AIR"
"1447","313a",13,"AIR"
"1448","314a",13,"Oxygen"
"1449","318a",13,"AIR"
"1450","321a",13,"AIR"
"1451","325a",13,"AIR"
"1452","325a",13,"AIR"
"1453","326a",13,"Oxygen"
"1454","327a",13,"NOXCRABE"
"1455","328a",13,"AIR"
"1456","330a",13,"NOXCRABE"
"1457","339a",13,"AIR"
"1458","345a",13,"AIR"
"1459","349a",13,"AIR"
"1460","34a",13,"Oxygen"
"1461","350a",13,"AIR"
"1462","355a",13,"AIR"
"1463","358a",13,"NOXBouteille"
"1464","359a",13,"Oxygen"
"1465","361a",13,"Oxygen"
"1466","363a",13,"NOXCRABE"
"1467","366a",13,"AIR"
"1468","367a",13,"Oxygen"
"1469","37a",13,"NOXBouteille"
"1470","45a",13,"Oxygen"
"1471","47a",13,"AIR"
"1472","57a",13,"AIR"
"1473","58a",13,"Oxygen"
"1474","62a",13,"Oxygen"
"1475","64a",13,"AIR"
"1476","68a",13,"AIR"
"1477","70a",13,"Oxygen"
"1478","71a",13,"Oxygen"
"1479","72a",13,"NOXBouteille"
"1480","76a",13,"AIR"
"1481","81a",13,"NOXCRABE"
"1482","83a",13,"AIR"
"1483","85a",13,"AIR"
"1484","90a",13,"AIR"
"1485","93a",13,"NOXCRABE"
"1486","100a",14,"NOXBouteille"
"1487","101a",14,"NOXCRABE"
"1488","112a",14,"Oxygen"
"1489","113a",14,"NOXCRABE"
"1490","115a",14,"AIR"
"1491","117a",14,"NOXBouteille"
"1492","118a",14,"AIR"
"1493","11a",14,"NOXCRABE"
"1494","120a",14,"NOXCRABE"
"1495","124a",14,"NOXBouteille"
"1496","125a",14,"NOXBouteille"
"1497","131a",14,"AIR"
"1498","132a",14,"NOXCRABE"
"1499","135a",14,"AIR"
"1500","138a",14,"AIR"
"1501","139a",14,"NOXBouteille"
"1502","13a",14,"NOXCRABE"
"1503","141a",14,"Oxygen"
"1504","151a",14,"NOXCRABE"
"1505","154a",14,"NOXBouteille"
"1506","155a",14,"Oxygen"
"1507","156a",14,"AIR"
"1508","160a",14,"AIR"
"1509","161a",14,"AIR"
"1510","162a",14,"NOXCRABE"
"1511","176a",14,"AIR"
"1512","189a",14,"Oxygen"
"1513","195a",14,"NOXCRABE"
"1514","209a",14,"NOXCRABE"
"1515","210a",14,"NOXBouteille"
"1516","211a",14,"Oxygen"
"1517","239a",14,"AIR"
"1518","247a",14,"NOXCRABE"
"1519","249a",14,"NOXBouteille"
"1520","257a",14,"NOXCRABE"
"1521","261a",14,"NOXBouteille"
"1522","264a",14,"NOXBouteille"
"1523","266a",14,"NOXBouteille"
"1524","269a",14,"AIR"
"1525","271a",14,"NOXBouteille"
"1526","277a",14,"Oxygen"
"1527","281a",14,"NOXCRABE"
"1528","284a",14,"AIR"
"1529","287a",14,"Oxygen"
"1530","291a",14,"AIR"
"1531","292a",14,"NOXCRABE"
"1532","294a",14,"AIR"
"1533","297a",14,"NOXCRABE"
"1534","302a",14,"Oxygen"
"1535","305a",14,"NOXCRABE"
"1536","30a",14,"NOXCRABE"
"1537","310a",14,"NOXBouteille"
"1538","312a",14,"Oxygen"
"1539","315a",14,"AIR"
"1540","317a",14,"NOXCRABE"
"1541","319a",14,"NOXBouteille"
"1542","31a",14,"AIR"
"1543","326a",14,"Oxygen"
"1544","330a",14,"NOXCRABE"
"1545","335a",14,"NOXCRABE"
"1546","336a",14,"AIR"
"1547","337a",14,"AIR"
"1548","339a",14,"AIR"
"1549","33a",14,"AIR"
"1550","347a",14,"AIR"
"1551","356a",14,"AIR"
"1552","358a",14,"NOXBouteille"
"1553","359a",14,"NOXBouteille"
"1554","362a",14,"AIR"
"1555","36a",14,"AIR"
"1556","39a",14,"NOXBouteille"
"1557","45a",14,"NOXBouteille"
"1558","47a",14,"AIR"
"1559","48a",14,"AIR"
"1560","51a",14,"AIR"
"1561","58a",14,"Oxygen"
"1562","68a",14,"AIR"
"1563","70a",14,"Oxygen"
"1564","71a",14,"Oxygen"
"1565","72a",14,"NOXBouteille"
"1566","77a",14,"NOXCRABE"
"1567","78a",14,"AIR"
"1568","80a",14,"AIR"
"1569","81a",14,"NOXCRABE"
"1570","89a",14,"AIR"
"1571","90a",14,"AIR"
"1572","9a",14,"NOXCRABE"
"1573","101a",15,"NOXCRABE"
"1574","104a",15,"Oxygen"
"1575","105a",15,"AIR"
"1576","106a",15,"NOXCRABE"
"1577","107a",15,"AIR"
"1578","108a",15,"AIR"
"1579","109a",15,"AIR"
"1580","112a",15,"Oxygen"
"1581","113a",15,"NOXCRABE"
"1582","117a",15,"NOXCRABE"
"1583","120a",15,"NOXCRABE"
"1584","123a",15,"AIR"
"1585","124a",15,"NOXBouteille"
"1586","12a",15,"NOXCRABE"
"1587","131a",15,"AIR"
"1588","132a",15,"NOXCRABE"
"1589","133a",15,"AIR"
"1590","137a",15,"AIR"
"1591","141a",15,"Oxygen"
"1592","145a",15,"AIR"
"1593","148a",15,"AIR"
"1594","151a",15,"NOXCRABE"
"1595","154a",15,"NOXBouteille"
"1596","15a",15,"AIR"
"1597","161a",15,"AIR"
"1598","162a",15,"NOXCRABE"
"1599","16a",15,"Oxygen"
"1600","179a",15,"AIR"
"1601","189a",15,"NOXBouteille"
"1602","190a",15,"AIR"
"1603","194a",15,"NOXBouteille"
"1604","196a",15,"AIR"
"1605","211a",15,"Oxygen"
"1606","213a",15,"NOXCRABE"
"1607","217a",15,"AIR"
"1608","218a",15,"AIR"
"1609","220a",15,"AIR"
"1610","222a",15,"AIR"
"1611","224a",15,"NOXCRABE"
"1612","227a",15,"NOXCRABE"
"1613","229a",15,"NOXBouteille"
"1614","244a",15,"AIR"
"1615","245a",15,"NOXCRABE"
"1616","247a",15,"NOXCRABE"
"1617","249a",15,"NOXBouteille"
"1618","250a",15,"AIR"
"1619","251a",15,"AIR"
"1620","254a",15,"NOXCRABE"
"1621","257a",15,"NOXCRABE"
"1622","261a",15,"NOXBouteille"
"1623","262a",15,"Oxygen"
"1624","264a",15,"NOXBouteille"
"1625","266a",15,"NOXBouteille"
"1626","267a",15,"AIR"
"1627","271a",15,"NOXBouteille"
"1628","272a",15,"AIR"
"1629","277a",15,"Oxygen"
"1630","282a",15,"AIR"
"1631","284a",15,"AIR"
"1632","285a",15,"AIR"
"1633","289a",15,"Oxygen"
"1634","292a",15,"NOXCRABE"
"1635","298a",15,"Oxygen"
"1636","306a",15,"NOXCRABE"
"1637","309a",15,"NOXCRABE"
"1638","310a",15,"Oxygen"
"1639","312a",15,"Oxygen"
"1640","317a",15,"NOXCRABE"
"1641","326a",15,"Oxygen"
"1642","330a",15,"NOXCRABE"
"1643","331a",15,"AIR"
"1644","337a",15,"AIR"
"1645","338a",15,"AIR"
"1646","342a",15,"AIR"
"1647","351a",15,"NOXCRABE"
"1648","358a",15,"Oxygen"
"1649","35a",15,"NOXCRABE"
"1650","360a",15,"AIR"
"1651","367a",15,"Oxygen"
"1652","3a",15,"NOXCRABE"
"1653","45a",15,"NOXBouteille"
"1654","52a",15,"AIR"
"1655","53a",15,"AIR"
"1656","54a",15,"AIR"
"1657","55a",15,"AIR"
"1658","56a",15,"NOXCRABE"
"1659","57a",15,"AIR"
"1660","58a",15,"Oxygen"
"1661","68a",15,"AIR"
"1662","70a",15,"Oxygen"
"1663","71a",15,"Oxygen"
"1664","72a",15,"NOXBouteille"
"1665","73a",15,"AIR"
"1666","77a",15,"NOXCRABE"
"1667","79a",15,"AIR"
"1668","7a",15,"Oxygen"
"1669","81a",15,"NOXCRABE"
"1670","85a",15,"AIR"
"1671","86a",15,"AIR"
"1672","89a",15,"AIR"
"1673","90a",15,"AIR"
"1674","94a",15,"AIR"
"1675","10a",16,"NOXCRABE"
"1676","112a",16,"Oxygen"
"1677","113a",16,"NOXBouteille"
"1678","114a",16,"AIR"
"1679","116a",16,"AIR"
"1680","117a",16,"NOXCRABE"
"1681","119a",16,"AIR"
"1682","124a",16,"NOXBouteille"
"1683","126a",16,"AIR"
"1684","131a",16,"AIR"
"1685","132a",16,"NOXCRABE"
"1686","134a",16,"AIR"
"1687","140a",16,"AIR"
"1688","141a",16,"Oxygen"
"1689","146a",16,"AIR"
"1690","149a",16,"AIR"
"1691","14a",16,"AIR"
"1692","152a",16,"AIR"
"1693","153a",16,"Oxygen"
"1694","159a",16,"AIR"
"1695","167a",16,"NOXBouteille"
"1696","170a",16,"Oxygen"
"1697","172a",16,"NOXCRABE"
"1698","174a",16,"AIR"
"1699","177a",16,"AIR"
"1700","178a",16,"AIR"
"1701","180a",16,"NOXBouteille"
"1702","183a",16,"AIR"
"1703","185a",16,"AIR"
"1704","189a",16,"NOXBouteille"
"1705","191a",16,"AIR"
"1706","192a",16,"NOXCRABE"
"1707","193a",16,"NOXCRABE"
"1708","198a",16,"AIR"
"1709","199a",16,"NOXCRABE"
"1710","202a",16,"AIR"
"1711","205a",16,"AIR"
"1712","207a",16,"NOXCRABE"
"1713","20a",16,"Oxygen"
"1714","215a",16,"NOXBouteille"
"1715","217a",16,"AIR"
"1716","221a",16,"AIR"
"1717","224a",16,"NOXCRABE"
"1718","225a",16,"AIR"
"1719","226a",16,"AIR"
"1720","229a",16,"NOXBouteille"
"1721","230a",16,"AIR"
"1722","232a",16,"NOXBouteille"
"1723","233a",16,"AIR"
"1724","235a",16,"NOXCRABE"
"1725","236a",16,"AIR"
"1726","237a",16,"NOXCRABE"
"1727","238a",16,"AIR"
"1728","239a",16,"AIR"
"1729","240a",16,"AIR"
"1730","241a",16,"AIR"
"1731","242a",16,"AIR"
"1732","246a",16,"AIR"
"1733","253a",16,"AIR"
"1734","254a",16,"NOXCRABE"
"1735","257a",16,"NOXCRABE"
"1736","259a",16,"NOXBouteille"
"1737","268a",16,"AIR"
"1738","270a",16,"AIR"
"1739","281a",16,"NOXBouteille"
"1740","283a",16,"AIR"
"1741","284a",16,"AIR"
"1742","289a",16,"Oxygen"
"1743","28a",16,"Oxygen"
"1744","292a",16,"NOXCRABE"
"1745","293a",16,"AIR"
"1746","295a",16,"AIR"
"1747","296a",16,"AIR"
"1748","297a",16,"NOXCRABE"
"1749","298a",16,"NOXBouteille"
"1750","299a",16,"AIR"
"1751","2a",16,"Oxygen"
"1752","301a",16,"NOXCRABE"
"1753","302a",16,"AIR"
"1754","305a",16,"NOXCRABE"
"1755","309a",16,"NOXCRABE"
"1756","310a",16,"Oxygen"
"1757","312a",16,"Oxygen"
"1758","314a",16,"Oxygen"
"1759","315a",16,"AIR"
"1760","323a",16,"AIR"
"1761","326a",16,"Oxygen"
"1762","329a",16,"AIR"
"1763","32a",16,"AIR"
"1764","330a",16,"NOXCRABE"
"1765","333a",16,"AIR"
"1766","337a",16,"AIR"
"1767","339a",16,"Oxygen"
"1768","340a",16,"NOXCRABE"
"1769","341a",16,"AIR"
"1770","346a",16,"AIR"
"1771","352a",16,"NOXCRABE"
"1772","353a",16,"NOXCRABE"
"1773","357a",16,"NOXBouteille"
"1774","365a",16,"Oxygen"
"1775","367a",16,"Oxygen"
"1776","38a",16,"AIR"
"1777","41a",16,"AIR"
"1778","42a",16,"NOXCRABE"
"1779","43a",16,"AIR"
"1780","44a",16,"Oxygen"
"1781","45a",16,"NOXBouteille"
"1782","47a",16,"AIR"
"1783","57a",16,"AIR"
"1784","58a",16,"Oxygen"
"1785","59a",16,"AIR"
"1786","5a",16,"NOXCRABE"
"1787","61a",16,"AIR"
"1788","64a",16,"AIR"
"1789","67a",16,"AIR"
"1790","68a",16,"AIR"
"1791","6a",16,"NOXBouteille"
"1792","72a",16,"NOXBouteille"
"1793","74a",16,"AIR"
"1794","75a",16,"AIR"
"1795","77a",16,"NOXCRABE"
"1796","80a",16,"AIR"
"1797","81a",16,"NOXCRABE"
"1798","82a",16,"AIR"
"1799","84a",16,"AIR"
"1800","88a",16,"AIR"
"1801","89a",16,"AIR"
"1802","90a",16,"AIR"
"1803","91a",16,"AIR"
"1804","96a",16,"AIR"
"1805","97a",16,"AIR"
"1806","99a",16,"AIR"
"1807","100a",17,"NOXCRABE"
"1808","103a",17,"NOXBouteille"
"1809","104a",17,"Oxygen"
"1810","106a",17,"NOXCRABE"
"1811","110a",17,"AIR"
"1812","112a",17,"NOXBouteille"
"1813","113a",17,"NOXBouteille"
"1814","115a",17,"AIR"
"1815","117a",17,"NOXCRABE"
"1816","119a",17,"AIR"
"1817","120a",17,"NOXCRABE"
"1818","121a",17,"NOXBouteille"
"1819","124a",17,"NOXCRABE"
"1820","125a",17,"NOXBouteille"
"1821","127a",17,"AIR"
"1822","129a",17,"NOXBouteille"
"1823","131a",17,"AIR"
"1824","132a",17,"NOXCRABE"
"1825","138a",17,"AIR"
"1826","141a",17,"Oxygen"
"1827","143a",17,"Oxygen"
"1828","144a",17,"AIR"
"1829","151a",17,"NOXCRABE"
"1830","154a",17,"NOXBouteille"
"1831","159a",17,"AIR"
"1832","161a",17,"AIR"
"1833","162a",17,"NOXCRABE"
"1834","171a",17,"Oxygen"
"1835","175a",17,"AIR"
"1836","176a",17,"AIR"
"1837","182a",17,"NOXBouteille"
"1838","187a",17,"Oxygen"
"1839","188a",17,"AIR"
"1840","189a",17,"Oxygen"
"1841","193a",17,"NOXCRABE"
"1842","19a",17,"AIR"
"1843","1a",17,"NOXCRABE"
"1844","200a",17,"AIR"
"1845","206a",17,"Oxygen"
"1846","208a",17,"NOXBouteille"
"1847","211a",17,"Oxygen"
"1848","216a",17,"AIR"
"1849","21a",17,"Oxygen"
"1850","223a",17,"AIR"
"1851","228a",17,"AIR"
"1852","229a",17,"NOXCRABE"
"1853","231a",17,"Oxygen"
"1854","232a",17,"Oxygen"
"1855","237a",17,"NOXBouteille"
"1856","23a",17,"Oxygen"
"1857","247a",17,"NOXBouteille"
"1858","256a",17,"AIR"
"1859","257a",17,"NOXCRABE"
"1860","258a",17,"Oxygen"
"1861","270a",17,"AIR"
"1862","275a",17,"AIR"
"1863","276a",17,"AIR"
"1864","277a",17,"Oxygen"
"1865","278a",17,"AIR"
"1866","279a",17,"AIR"
"1867","284a",17,"AIR"
"1868","286a",17,"AIR"
"1869","287a",17,"Oxygen"
"1870","289a",17,"Oxygen"
"1871","290a",17,"NOXCRABE"
"1872","301a",17,"NOXCRABE"
"1873","303a",17,"Oxygen"
"1874","307a",17,"AIR"
"1875","308a",17,"AIR"
"1876","30a",17,"NOXCRABE"
"1877","310a",17,"Oxygen"
"1878","311a",17,"AIR"
"1879","312a",17,"Oxygen"
"1880","313a",17,"AIR"
"1881","318a",17,"AIR"
"1882","321a",17,"AIR"
"1883","325a",17,"AIR"
"1884","326a",17,"Oxygen"
"1885","328a",17,"AIR"
"1886","345a",17,"AIR"
"1887","349a",17,"AIR"
"1888","350a",17,"AIR"
"1889","355a",17,"AIR"
"1890","358a",17,"Oxygen"
"1891","363a",17,"NOXCRABE"
"1892","364a",17,"Oxygen"
"1893","366a",17,"AIR"
"1894","37a",17,"Oxygen"
"1895","45a",17,"NOXBouteille"
"1896","47a",17,"AIR"
"1897","49a",17,"NOXBouteille"
"1898","55a",17,"AIR"
"1899","58a",17,"Oxygen"
"1900","68a",17,"AIR"
"1901","76a",17,"AIR"
"1902","77a",17,"NOXCRABE"
"1903","81a",17,"NOXCRABE"
"1904","90a",17,"AIR"
"1905","91a",17,"AIR"
"1906","92a",17,"Oxygen"
"1907","9a",17,"NOXCRABE"
"1908","100a",18,"NOXBouteille"
"1909","109a",18,"AIR"
"1910","111a",18,"Oxygen"
"1911","112a",18,"NOXBouteille"
"1912","118a",18,"AIR"
"1913","11a",18,"NOXCRABE"
"1914","131a",18,"AIR"
"1915","132a",18,"NOXCRABE"
"1916","135a",18,"AIR"
"1917","137a",18,"AIR"
"1918","13a",18,"NOXCRABE"
"1919","141a",18,"Oxygen"
"1920","153a",18,"NOXBouteille"
"1921","154a",18,"NOXBouteille"
"1922","156a",18,"AIR"
"1923","160a",18,"AIR"
"1924","180a",18,"NOXBouteille"
"1925","185a",18,"AIR"
"1926","189a",18,"Oxygen"
"1927","193a",18,"NOXCRABE"
"1928","195a",18,"NOXCRABE"
"1929","210a",18,"Oxygen"
"1930","211a",18,"Oxygen"
"1931","221a",18,"AIR"
"1932","227a",18,"NOXCRABE"
"1933","229a",18,"NOXCRABE"
"1934","231a",18,"Oxygen"
"1935","237a",18,"NOXBouteille"
"1936","241a",18,"AIR"
"1937","257a",18,"NOXCRABE"
"1938","261a",18,"NOXBouteille"
"1939","269a",18,"AIR"
"1940","289a",18,"Oxygen"
"1941","291a",18,"AIR"
"1942","294a",18,"AIR"
"1943","2a",18,"Oxygen"
"1944","317a",18,"NOXCRABE"
"1945","319a",18,"NOXBouteille"
"1946","31a",18,"AIR"
"1947","326a",18,"Oxygen"
"1948","327a",18,"NOXCRABE"
"1949","332a",18,"AIR"
"1950","335a",18,"NOXCRABE"
"1951","336a",18,"AIR"
"1952","33a",18,"AIR"
"1953","347a",18,"AIR"
"1954","356a",18,"AIR"
"1955","358a",18,"NOXBouteille"
"1956","359a",18,"NOXBouteille"
"1957","361a",18,"Oxygen"
"1958","362a",18,"AIR"
"1959","36a",18,"AIR"
"1960","39a",18,"NOXCRABE"
"1961","45a",18,"NOXBouteille"
"1962","47a",18,"AIR"
"1963","48a",18,"AIR"
"1964","4a",18,"NOXBouteille"
"1965","51a",18,"AIR"
"1966","53a",18,"AIR"
"1967","58a",18,"Oxygen"
"1968","67a",18,"AIR"
"1969","68a",18,"AIR"
"1970","70a",18,"Oxygen"
"1971","71a",18,"Oxygen"
"1972","72a",18,"Oxygen"
"1973","77a",18,"NOXCRABE"
"1974","78a",18,"AIR"
"1975","80a",18,"AIR"
"1976","81a",18,"NOXCRABE"
"1977","83a",18,"AIR"
"1978","89a",18,"AIR"
"1979","91a",18,"AIR"
"1980","101a",19,"NOXCRABE"
"1981","105a",19,"AIR"
"1982","107a",19,"AIR"
"1983","108a",19,"AIR"
"1984","117a",19,"NOXCRABE"
"1985","120a",19,"NOXCRABE"
"1986","121a",19,"NOXBouteille"
"1987","123a",19,"AIR"
"1988","124a",19,"NOXCRABE"
"1989","12a",19,"NOXCRABE"
"1990","131a",19,"AIR"
"1991","133a",19,"AIR"
"1992","145a",19,"AIR"
"1993","148a",19,"AIR"
"1994","152a",19,"AIR"
"1995","15a",19,"AIR"
"1996","16a",19,"NOXBouteille"
"1997","179a",19,"AIR"
"1998","189a",19,"Oxygen"
"1999","190a",19,"AIR"
"2000","194a",19,"NOXBouteille"
"2001","196a",19,"AIR"
"2002","207a",19,"NOXCRABE"
"2003","213a",19,"NOXCRABE"
"2004","217a",19,"AIR"
"2005","218a",19,"AIR"
"2006","220a",19,"AIR"
"2007","225a",19,"AIR"
"2008","229a",19,"NOXCRABE"
"2009","22a",19,"NOXCRABE"
"2010","237a",19,"NOXBouteille"
"2011","244a",19,"AIR"
"2012","245a",19,"NOXBouteille"
"2013","249a",19,"NOXBouteille"
"2014","250a",19,"AIR"
"2015","251a",19,"AIR"
"2016","262a",19,"Oxygen"
"2017","263a",19,"Oxygen"
"2018","264a",19,"NOXBouteille"
"2019","266a",19,"NOXBouteille"
"2020","267a",19,"AIR"
"2021","272a",19,"AIR"
"2022","282a",19,"AIR"
"2023","285a",19,"AIR"
"2024","306a",19,"NOXCRABE"
"2025","312a",19,"Oxygen"
"2026","326a",19,"NOXBouteille"
"2027","331a",19,"AIR"
"2028","333a",19,"AIR"
"2029","338a",19,"AIR"
"2030","342a",19,"AIR"
"2031","351a",19,"NOXCRABE"
"2032","35a",19,"NOXBouteille"
"2033","360a",19,"AIR"
"2034","363a",19,"NOXBouteille"
"2035","367a",19,"Oxygen"
"2036","40a",19,"Oxygen"
"2037","45a",19,"NOXBouteille"
"2038","49a",19,"NOXBouteille"
"2039","52a",19,"AIR"
"2040","54a",19,"AIR"
"2041","57a",19,"AIR"
"2042","58a",19,"Oxygen"
"2043","60a",19,"AIR"
"2044","62a",19,"NOXBouteille"
"2045","70a",19,"Oxygen"
"2046","72a",19,"Oxygen"
"2047","73a",19,"AIR"
"2048","77a",19,"NOXCRABE"
"2049","79a",19,"AIR"
"2050","7a",19,"Oxygen"
"2051","85a",19,"AIR"
"2052","86a",19,"AIR"
"2053","91a",19,"AIR"
"2054","94a",19,"AIR"
"2055","104a",20,"Oxygen"
"2056","10a",20,"NOXCRABE"
"2057","112a",20,"NOXBouteille"
"2058","114a",20,"AIR"
"2059","116a",20,"AIR"
"2060","126a",20,"AIR"
"2061","131a",20,"AIR"
"2062","13a",20,"NOXCRABE"
"2063","140a",20,"AIR"
"2064","146a",20,"AIR"
"2065","149a",20,"AIR"
"2066","14a",20,"AIR"
"2067","159a",20,"AIR"
"2068","161a",20,"AIR"
"2069","162a",20,"NOXCRABE"
"2070","165a",20,"AIR"
"2071","168a",20,"Oxygen"
"2072","169a",20,"NOXBouteille"
"2073","170a",20,"Oxygen"
"2074","172a",20,"NOXCRABE"
"2075","174a",20,"AIR"
"2076","177a",20,"AIR"
"2077","178a",20,"AIR"
"2078","180a",20,"NOXCRABE"
"2079","183a",20,"AIR"
"2080","185a",20,"AIR"
"2081","189a",20,"Oxygen"
"2082","192a",20,"NOXCRABE"
"2083","198a",20,"AIR"
"2084","199a",20,"NOXCRABE"
"2085","202a",20,"AIR"
"2086","205a",20,"AIR"
"2087","206a",20,"Oxygen"
"2088","215a",20,"NOXCRABE"
"2089","216a",20,"AIR"
"2090","224a",20,"NOXCRABE"
"2091","225a",20,"AIR"
"2092","226a",20,"AIR"
"2093","227a",20,"NOXCRABE"
"2094","229a",20,"NOXBouteille"
"2095","230a",20,"AIR"
"2096","231a",20,"Oxygen"
"2097","232a",20,"NOXBouteille"
"2098","233a",20,"AIR"
"2099","235a",20,"NOXCRABE"
"2100","236a",20,"AIR"
"2101","237a",20,"NOXBouteille"
"2102","238a",20,"AIR"
"2103","240a",20,"AIR"
"2104","241a",20,"AIR"
"2105","242a",20,"AIR"
"2106","253a",20,"AIR"
"2107","254a",20,"NOXCRABE"
"2108","255a",20,"NOXCRABE"
"2109","268a",20,"AIR"
"2110","26a",20,"NOXBouteille"
"2111","271a",20,"NOXBouteille"
"2112","281a",20,"NOXCRABE"
"2113","290a",20,"NOXCRABE"
"2114","292a",20,"NOXCRABE"
"2115","293a",20,"AIR"
"2116","295a",20,"AIR"
"2117","297a",20,"NOXCRABE"
"2118","299a",20,"AIR"
"2119","309a",20,"NOXCRABE"
"2120","314a",20,"Oxygen"
"2121","315a",20,"AIR"
"2122","32a",20,"AIR"
"2123","330a",20,"NOXCRABE"
"2124","337a",20,"AIR"
"2125","339a",20,"NOXBouteille"
"2126","340a",20,"NOXCRABE"
"2127","341a",20,"AIR"
"2128","352a",20,"NOXCRABE"
"2129","353a",20,"NOXBouteille"
"2130","37a",20,"Oxygen"
"2131","38a",20,"AIR"
"2132","41a",20,"AIR"
"2133","43a",20,"AIR"
"2134","53a",20,"AIR"
"2135","57a",20,"AIR"
"2136","58a",20,"Oxygen"
"2137","59a",20,"AIR"
"2138","61a",20,"AIR"
"2139","64a",20,"AIR"
"2140","68a",20,"AIR"
"2141","6a",20,"Oxygen"
"2142","72a",20,"Oxygen"
"2143","74a",20,"AIR"
"2144","75a",20,"AIR"
"2145","80a",20,"AIR"
"2146","82a",20,"AIR"
"2147","84a",20,"AIR"
"2148","88a",20,"AIR"
"2149","89a",20,"AIR"
"2150","95a",20,"AIR"
"2151","96a",20,"AIR"
"2152","97a",20,"AIR"
"2153","99a",20,"AIR"
"2154","102a",21,"NOXBouteille"
"2155","103a",21,"NOXBouteille"
"2156","106a",21,"NOXCRABE"
"2157","110a",21,"AIR"
"2158","113a",21,"NOXCRABE"
"2159","119a",21,"AIR"
"2160","125a",21,"NOXBouteille"
"2161","127a",21,"AIR"
"2162","129a",21,"NOXBouteille"
"2163","131a",21,"AIR"
"2164","134a",21,"AIR"
"2165","138a",21,"AIR"
"2166","139a",21,"NOXCRABE"
"2167","141a",21,"Oxygen"
"2168","143a",21,"Oxygen"
"2169","144a",21,"AIR"
"2170","151a",21,"NOXCRABE"
"2171","159a",21,"AIR"
"2172","161a",21,"AIR"
"2173","167a",21,"NOXBouteille"
"2174","171a",21,"Oxygen"
"2175","175a",21,"AIR"
"2176","176a",21,"AIR"
"2177","180a",21,"NOXCRABE"
"2178","182a",21,"NOXBouteille"
"2179","185a",21,"AIR"
"2180","188a",21,"AIR"
"2181","189a",21,"Oxygen"
"2182","18a",21,"AIR"
"2183","191a",21,"AIR"
"2184","193a",21,"NOXCRABE"
"2185","197a",21,"AIR"
"2186","19a",21,"AIR"
"2187","200a",21,"AIR"
"2188","208a",21,"NOXCRABE"
"2189","211a",21,"Oxygen"
"2190","21a",21,"Oxygen"
"2191","223a",21,"AIR"
"2192","227a",21,"NOXCRABE"
"2193","228a",21,"AIR"
"2194","229a",21,"NOXCRABE"
"2195","231a",21,"Oxygen"
"2196","232a",21,"NOXBouteille"
"2197","234a",21,"NOXBouteille"
"2198","237a",21,"NOXCRABE"
"2199","239a",21,"AIR"
"2200","23a",21,"Oxygen"
"2201","247a",21,"NOXBouteille"
"2202","256a",21,"AIR"
"2203","275a",21,"AIR"
"2204","276a",21,"AIR"
"2205","277a",21,"Oxygen"
"2206","284a",21,"AIR"
"2207","286a",21,"AIR"
"2208","287a",21,"Oxygen"
"2209","28a",21,"Oxygen"
"2210","292a",21,"NOXCRABE"
"2211","298a",21,"Oxygen"
"2212","2a",21,"Oxygen"
"2213","307a",21,"AIR"
"2214","308a",21,"AIR"
"2215","30a",21,"NOXCRABE"
"2216","310a",21,"NOXBouteille"
"2217","311a",21,"AIR"
"2218","312a",21,"Oxygen"
"2219","318a",21,"AIR"
"2220","328a",21,"AIR"
"2221","336a",21,"AIR"
"2222","349a",21,"AIR"
"2223","355a",21,"AIR"
"2224","358a",21,"NOXBouteille"
"2225","35a",21,"NOXBouteille"
"2226","47a",21,"AIR"
"2227","49a",21,"NOXBouteille"
"2228","50a",21,"NOXBouteille"
"2229","55a",21,"AIR"
"2230","58a",21,"Oxygen"
"2231","5a",21,"NOXCRABE"
"2232","76a",21,"AIR"
"2233","83a",21,"AIR"
"2234","90a",21,"AIR"
"2235","92a",21,"Oxygen"
"2236","93a",21,"NOXCRABE"
"2237","98a",21,"NOXBouteille"
"2238","9a",21,"NOXCRABE"
"2239","100a",22,"NOXCRABE"
"2240","108a",22,"AIR"
"2241","109a",22,"AIR"
"2242","111a",22,"NOXBouteille"
"2243","11a",22,"NOXCRABE"
"2244","135a",22,"AIR"
"2245","137a",22,"AIR"
"2246","13a",22,"NOXCRABE"
"2247","153a",22,"Oxygen"
"2248","154a",22,"NOXBouteille"
"2249","156a",22,"AIR"
"2250","160a",22,"AIR"
"2251","161a",22,"AIR"
"2252","162a",22,"NOXCRABE"
"2253","173a",22,"NOXCRABE"
"2254","185a",22,"AIR"
"2255","193a",22,"NOXCRABE"
"2256","195a",22,"NOXBouteille"
"2257","209a",22,"NOXCRABE"
"2258","211a",22,"Oxygen"
"2259","229a",22,"NOXCRABE"
"2260","22a",22,"NOXBouteille"
"2261","231a",22,"Oxygen"
"2262","232a",22,"Oxygen"
"2263","237a",22,"NOXCRABE"
"2264","238a",22,"AIR"
"2265","259a",22,"NOXBouteille"
"2266","260a",22,"Oxygen"
"2267","261a",22,"NOXBouteille"
"2268","289a",22,"NOXBouteille"
"2269","291a",22,"AIR"
"2270","294a",22,"AIR"
"2271","301a",22,"NOXCRABE"
"2272","31a",22,"AIR"
"2273","33a",22,"AIR"
"2274","347a",22,"AIR"
"2275","36a",22,"AIR"
"2276","39a",22,"NOXCRABE"
"2277","48a",22,"AIR"
"2278","51a",22,"AIR"
"2279","60a",22,"AIR"
"2280","67a",22,"AIR"
"2281","78a",22,"AIR"
"2282","105a",23,"AIR"
"2283","116a",23,"AIR"
"2284","117a",23,"NOXCRABE"
"2285","121a",23,"NOXBouteille"
"2286","12a",23,"NOXCRABE"
"2287","132a",23,"NOXCRABE"
"2288","133a",23,"AIR"
"2289","145a",23,"AIR"
"2290","148a",23,"AIR"
"2291","155a",23,"Oxygen"
"2292","15a",23,"AIR"
"2293","16a",23,"NOXBouteille"
"2294","179a",23,"AIR"
"2295","185a",23,"AIR"
"2296","190a",23,"AIR"
"2297","193a",23,"NOXCRABE"
"2298","194a",23,"NOXBouteille"
"2299","196a",23,"AIR"
"2300","1a",23,"NOXBouteille"
"2301","207a",23,"NOXCRABE"
"2302","211a",23,"Oxygen"
"2303","213a",23,"NOXCRABE"
"2304","217a",23,"AIR"
"2305","218a",23,"AIR"
"2306","220a",23,"AIR"
"2307","224a",23,"NOXCRABE"
"2308","231a",23,"NOXBouteille"
"2309","232a",23,"Oxygen"
"2310","244a",23,"AIR"
"2311","248a",23,"NOXBouteille"
"2312","250a",23,"AIR"
"2313","251a",23,"AIR"
"2314","257a",23,"NOXBouteille"
"2315","27a",23,"Oxygen"
"2316","282a",23,"AIR"
"2317","303a",23,"Oxygen"
"2318","326a",23,"Oxygen"
"2319","40a",23,"Oxygen"
"2320","42a",23,"NOXCRABE"
"2321","45a",23,"Oxygen"
"2322","4a",23,"NOXBouteille"
"2323","52a",23,"AIR"
"2324","54a",23,"AIR"
"2325","57a",23,"AIR"
"2326","62a",23,"NOXBouteille"
"2327","77a",23,"NOXCRABE"
"2328","7a",23,"NOXBouteille"
"2329","86a",23,"AIR"
"2330","91a",23,"AIR"
"2331","94a",23,"AIR"
"2332","100a",24,"NOXCRABE"
"2333","112a",24,"Oxygen"
"2334","11a",24,"NOXCRABE"
"2335","140a",24,"AIR"
"2336","146a",24,"AIR"
"2337","14a",24,"AIR"
"2338","159a",24,"AIR"
"2339","162a",24,"NOXCRABE"
"2340","165a",24,"AIR"
"2341","170a",24,"Oxygen"
"2342","172a",24,"NOXCRABE"
"2343","174a",24,"AIR"
"2344","177a",24,"AIR"
"2345","178a",24,"AIR"
"2346","180a",24,"NOXCRABE"
"2347","183a",24,"AIR"
"2348","18a",24,"AIR"
"2349","192a",24,"NOXCRABE"
"2350","198a",24,"AIR"
"2351","199a",24,"NOXCRABE"
"2352","202a",24,"AIR"
"2353","205a",24,"AIR"
"2354","206a",24,"Oxygen"
"2355","215a",24,"NOXCRABE"
"2356","216a",24,"AIR"
"2357","222a",24,"AIR"
"2358","225a",24,"AIR"
"2359","226a",24,"AIR"
"2360","230a",24,"AIR"
"2361","231a",24,"Oxygen"
"2362","233a",24,"AIR"
"2363","235a",24,"NOXCRABE"
"2364","236a",24,"AIR"
"2365","237a",24,"NOXBouteille"
"2366","240a",24,"AIR"
"2367","241a",24,"AIR"
"2368","242a",24,"AIR"
"2369","24a",24,"Oxygen"
"2370","26a",24,"NOXCRABE"
"2371","271a",24,"NOXBouteille"
"2372","281a",24,"NOXCRABE"
"2373","29a",24,"NOXBouteille"
"2374","32a",24,"AIR"
"2375","36a",24,"AIR"
"2376","37a",24,"Oxygen"
"2377","38a",24,"AIR"
"2378","41a",24,"AIR"
"2379","43a",24,"AIR"
"2380","53a",24,"AIR"
"2381","56a",24,"NOXCRABE"
"2382","58a",24,"Oxygen"
"2383","68a",24,"AIR"
"2384","6a",24,"Oxygen"
"2385","72a",24,"Oxygen"
"2386","73a",24,"AIR"
"2387","74a",24,"AIR"
"2388","75a",24,"AIR"
"2389","81a",24,"NOXCRABE"
"2390","88a",24,"AIR"
"2391","96a",24,"AIR"
"2392","97a",24,"AIR"
"2393","9a",24,"NOXBouteille"
"2394","100a",25,"NOXCRABE"
"2395","10a",25,"NOXBouteille"
"2396","110a",25,"AIR"
"2397","113a",25,"NOXCRABE"
"2398","11a",25,"NOXCRABE"
"2399","127a",25,"AIR"
"2400","131a",25,"AIR"
"2401","134a",25,"AIR"
"2402","141a",25,"Oxygen"
"2403","144a",25,"AIR"
"2404","159a",25,"AIR"
"2405","175a",25,"AIR"
"2406","176a",25,"AIR"
"2407","180a",25,"NOXCRABE"
"2408","187a",25,"Oxygen"
"2409","188a",25,"AIR"
"2410","189a",25,"Oxygen"
"2411","19a",25,"AIR"
"2412","200a",25,"AIR"
"2413","20a",25,"NOXBouteille"
"2414","21a",25,"NOXBouteille"
"2415","221a",25,"AIR"
"2416","223a",25,"AIR"
"2417","228a",25,"AIR"
"2418","229a",25,"NOXCRABE"
"2419","22a",25,"NOXCRABE"
"2420","232a",25,"Oxygen"
"2421","239a",25,"AIR"
"2422","28a",25,"Oxygen"
"2423","2a",25,"Oxygen"
"2424","30a",25,"NOXCRABE"
"2425","35a",25,"NOXCRABE"
"2426","49a",25,"NOXBouteille"
"2427","50a",25,"NOXBouteille"
"2428","5a",25,"AIR"
"2429","76a",25,"AIR"
"2430","77a",25,"NOXCRABE"
"2431","93a",25,"NOXCRABE"
"2432","11a",26,"NOXCRABE"
"2433","12a",26,"NOXBouteille"
"2434","135a",26,"AIR"
"2435","13a",26,"NOXCRABE"
"2436","161a",26,"AIR"
"2437","173a",26,"NOXCRABE"
"2438","180a",26,"NOXCRABE"
"2439","182a",26,"NOXCRABE"
"2440","193a",26,"NOXCRABE"
"2441","195a",26,"NOXCRABE"
"2442","197a",26,"AIR"
"2443","209a",26,"NOXCRABE"
"2444","211a",26,"Oxygen"
"2445","231a",26,"NOXBouteille"
"2446","232a",26,"NOXBouteille"
"2447","245a",26,"NOXCRABE"
"2448","27a",26,"Oxygen"
"2449","31a",26,"AIR"
"2450","39a",26,"NOXCRABE"
"2451","48a",26,"AIR"
"2452","6a",26,"NOXBouteille"
"2453","7a",26,"Oxygen"
"2454","11a",27,"NOXCRABE"
"2455","148a",27,"AIR"
"2456","152a",27,"AIR"
"2457","15a",27,"AIR"
"2458","160a",27,"AIR"
"2459","16a",27,"AIR"
"2460","179a",27,"AIR"
"2461","185a",27,"AIR"
"2462","190a",27,"AIR"
"2463","194a",27,"NOXCRABE"
"2464","196a",27,"AIR"
"2465","1a",27,"NOXBouteille"
"2466","204a",27,"AIR"
"2467","206a",27,"Oxygen"
"2468","208a",27,"NOXBouteille"
"2469","211a",27,"Oxygen"
"2470","213a",27,"NOXCRABE"
"2471","220a",27,"AIR"
"2472","244a",27,"AIR"
"2473","29a",27,"NOXBouteille"
"2474","33a",27,"AIR"
"2475","3a",27,"NOXCRABE"
"2476","40a",27,"Oxygen"
"2477","4a",27,"NOXBouteille"
"2478","6a",27,"NOXBouteille"
"2479","11a",28,"NOXCRABE"
"2480","14a",28,"AIR"
"2481","162a",28,"NOXCRABE"
"2482","165a",28,"AIR"
"2483","170a",28,"Oxygen"
"2484","172a",28,"NOXCRABE"
"2485","174a",28,"AIR"
"2486","177a",28,"AIR"
"2487","178a",28,"AIR"
"2488","180a",28,"NOXCRABE"
"2489","181a",28,"NOXBouteille"
"2490","183a",28,"AIR"
"2491","18a",28,"AIR"
"2492","192a",28,"NOXCRABE"
"2493","197a",28,"AIR"
"2494","198a",28,"AIR"
"2495","199a",28,"NOXCRABE"
"2496","202a",28,"AIR"
"2497","205a",28,"AIR"
"2498","207a",28,"NOXCRABE"
"2499","20a",28,"NOXBouteille"
"2500","211a",28,"Oxygen"
"2501","215a",28,"NOXCRABE"
"2502","216a",28,"AIR"
"2503","225a",28,"AIR"
"2504","226a",28,"AIR"
"2505","22a",28,"NOXCRABE"
"2506","230a",28,"AIR"
"2507","233a",28,"AIR"
"2508","235a",28,"NOXCRABE"
"2509","236a",28,"AIR"
"2510","237a",28,"NOXBouteille"
"2511","238a",28,"AIR"
"2512","240a",28,"AIR"
"2513","242a",28,"AIR"
"2514","24a",28,"NOXBouteille"
"2515","25a",28,"NOXBouteille"
"2516","32a",28,"AIR"
"2517","36a",28,"AIR"
"2518","37a",28,"Oxygen"
"2519","38a",28,"AIR"
"2520","9a",28,"NOXCRABE"
"2521","10a",29,"NOXBouteille"
"2522","11a",29,"NOXCRABE"
"2523","168a",29,"NOXBouteille"
"2524","169a",29,"NOXBouteille"
"2525","171a",29,"Oxygen"
"2526","175a",29,"AIR"
"2527","188a",29,"AIR"
"2528","189a",29,"Oxygen"
"2529","191a",29,"AIR"
"2530","19a",29,"AIR"
"2531","200a",29,"AIR"
"2532","20a",29,"NOXBouteille"
"2533","21a",29,"Oxygen"
"2534","223a",29,"AIR"
"2535","229a",29,"NOXCRABE"
"2536","24a",29,"NOXBouteille"
"2537","25a",29,"NOXBouteille"
"2538","26a",29,"NOXBouteille"
"2539","2a",29,"Oxygen"
"2540","30a",29,"NOXCRABE"
"2541","35a",29,"NOXCRABE"
"2542","5a",29,"AIR"
"2543","11a",30,"NOXCRABE"
"2544","12a",30,"NOXCRABE"
"2545","13a",30,"NOXCRABE"
"2546","173a",30,"NOXCRABE"
"2547","182a",30,"NOXCRABE"
"2548","187a",30,"NOXBouteille"
"2549","197a",30,"AIR"
"2550","210a",30,"NOXBouteille"
"2551","211a",30,"Oxygen"
"2552","23a",30,"Oxygen"
"2553","25a",30,"NOXBouteille"
"2554","2a",30,"Oxygen"
"2555","31a",30,"AIR"
"2556","39a",30,"NOXBouteille"
"2557","11a",31,"NOXCRABE"
"2558","15a",31,"AIR"
"2559","16a",31,"Oxygen"
"2560","17a",31,"Oxygen"
"2561","193a",31,"NOXCRABE"
"2562","194a",31,"NOXCRABE"
"2563","1a",31,"NOXBouteille"
"2564","208a",31,"NOXCRABE"
"2565","33a",31,"AIR"
"2566","3a",31,"NOXCRABE"
"2567","4a",31,"NOXBouteille"
"2568","6a",31,"Oxygen"
"2569","7a",31,"Oxygen"
"2570","10a",32,"NOXCRABE"
"2571","172a",32,"NOXCRABE"
"2572","174a",32,"AIR"
"2573","177a",32,"AIR"
"2574","180a",32,"NOXCRABE"
"2575","183a",32,"AIR"
"2576","198a",32,"AIR"
"2577","22a",32,"NOXCRABE"
"2578","24a",32,"NOXBouteille"
"2579","25a",32,"NOXBouteille"
"2580","29a",32,"NOXBouteille"
"2581","32a",32,"AIR"
"2582","36a",32,"AIR"
"2583","37a",32,"Oxygen"
"2584","38a",32,"AIR"
"2585","6a",32,"Oxygen"
"2586","9a",32,"NOXCRABE"
"2587","11a",33,"NOXCRABE"
"2588","176a",33,"AIR"
"2589","18a",33,"AIR"
"2590","19a",33,"AIR"
"2591","21a",33,"Oxygen"
"2592","26a",33,"NOXBouteille"
"2593","2a",33,"Oxygen"
"2594","30a",33,"NOXCRABE"
"2595","40a",33,"Oxygen"
"2596","5a",33,"AIR"
"2597","11a",34,"NOXCRABE"
"2598","12a",34,"NOXCRABE"
"2599","13a",34,"NOXCRABE"
"2600","167a",34,"NOXBouteille"
"2601","182a",34,"NOXCRABE"
"2602","23a",34,"Oxygen"
"2603","28a",34,"Oxygen"
"2604","2a",34,"Oxygen"
"2605","31a",34,"AIR"
"2606","4a",34,"NOXBouteille"
"2607","15a",35,"AIR"
"2608","16a",35,"Oxygen"
"2609","1a",35,"NOXBouteille"
"2610","27a",35,"Oxygen"
"2611","2a",35,"Oxygen"
"2612","37a",35,"Oxygen"
"2613","3a",35,"NOXCRABE"
"2614","6a",35,"Oxygen"
"2615","7a",35,"Oxygen"
"2616","12a",36,"NOXCRABE"
"2617","25a",36,"NOXBouteille"
"2618","29a",36,"NOXBouteille"
"2619","30a",36,"NOXCRABE"
"2620","34a",36,"Oxygen"
"2621","6a",36,"Oxygen"
"2622","18a",37,"AIR"
"2623","19a",37,"AIR"
"2624","5a",37,"AIR"
"2625","11a",38,"NOXCRABE"
"2626","23a",38,"Oxygen"
"2627","2a",38,"Oxygen"
"2628","3a",38,"NOXCRABE"
"2629","1a",39,"NOXBouteille"
"2630","2a",39,"Oxygen"
"2631","4a",39,"NOXBouteille"
"2632","5a",39,"AIR"
"2633","2a",42,"Oxygen"
"2634","1a",43,"NOXBouteille"
